iter	WKappa	MultiClass
0	0.5072038321	1.374486056
1	0.5151453958	1.363278682
2	0.5186936654	1.352886551
3	0.5193822311	1.343223861
4	0.5192467439	1.33450859
5	0.5235609433	1.326114338
6	0.524585822	1.317915638
7	0.5247800209	1.309900973
8	0.5269731867	1.302626938
9	0.5241114295	1.296099792
10	0.5262190828	1.289121291
11	0.5253945655	1.282681622
12	0.5239517128	1.276388051
13	0.5250201924	1.270588407
14	0.5254354078	1.265016752
15	0.5243629784	1.259695149
16	0.5241772973	1.2546934
17	0.5257643446	1.249990953
18	0.5254937047	1.245330252
19	0.524471171	1.241063943
20	0.5244237381	1.237127238
21	0.5258441663	1.233057855
22	0.5268564713	1.229126646
23	0.5262670219	1.225615029
24	0.5268087297	1.22202596
25	0.5264956119	1.218582623
26	0.5280756817	1.215541598
27	0.5268913632	1.212305297
28	0.5287667293	1.209221308
29	0.5306179583	1.206104167
30	0.5299257198	1.203382439
31	0.5291700889	1.20075559
32	0.5277928186	1.198329961
33	0.5307250999	1.195891845
34	0.5303740807	1.193702273
35	0.5308543756	1.19153107
36	0.530399718	1.189339471
37	0.5308223924	1.186962913
38	0.5317359744	1.184916437
39	0.531480897	1.182868674
40	0.5319705324	1.18115238
41	0.5328183399	1.17952181
42	0.5326226346	1.177667333
43	0.532475376	1.17604394
44	0.5333118488	1.174206755
45	0.5325713664	1.172401881
46	0.5322768441	1.170739148
47	0.5335144481	1.169302791
48	0.5330279267	1.167855457
49	0.5336715678	1.166431133
50	0.5336474836	1.164952074
51	0.5340055225	1.16346422
52	0.5345834048	1.162025811
53	0.5350118849	1.160846514
54	0.5331894032	1.159684165
55	0.5325068363	1.158366777
56	0.5324241093	1.157252388
57	0.5327591815	1.156237415
58	0.5340049555	1.155127197
59	0.5346559865	1.153983344
60	0.5354022781	1.152881228
61	0.5351291165	1.151875794
62	0.5358808349	1.150913797
63	0.537939423	1.150065436
64	0.5378387416	1.14915724
65	0.5374980647	1.148305693
66	0.5373003468	1.147416164
67	0.5377856258	1.146335925
68	0.5384360473	1.145584145
69	0.5391886297	1.144447532
70	0.5392745046	1.143577448
71	0.5390909316	1.142825135
72	0.538260662	1.142084671
73	0.5384290554	1.141336779
74	0.5385351615	1.140602112
75	0.5390323275	1.13985089
76	0.5403613038	1.139074096
77	0.5393169259	1.138430946
78	0.5376421128	1.13782332
79	0.5391382602	1.137357578
80	0.5390338109	1.136476304
81	0.5372590979	1.135756324
82	0.538572381	1.135018797
83	0.5390065436	1.134312799
84	0.538782255	1.133567278
85	0.5394207266	1.132970669
86	0.5396738535	1.13248972
87	0.5385135356	1.131881137
88	0.5388882822	1.131100729
89	0.5389592486	1.13048029
90	0.5392122092	1.129875553
91	0.5390493228	1.129448606
92	0.5391540489	1.128726774
93	0.5389794707	1.128278227
94	0.5397842799	1.127749239
95	0.5393938389	1.127373634
96	0.5393067526	1.126735241
97	0.5386399105	1.126215862
98	0.5396777264	1.125778521
99	0.5391868578	1.125277296
100	0.5392842912	1.124660417
101	0.5388428122	1.124211459
102	0.5387787755	1.123752597
103	0.5377581492	1.12331287
104	0.5386784766	1.122857133
105	0.5391888742	1.122426711
106	0.5388309787	1.12205632
107	0.5391403667	1.121394014
108	0.5385032705	1.121096448
109	0.5386846128	1.120612471
110	0.5386864914	1.120261473
111	0.5385257844	1.119770575
112	0.5389744513	1.119401791
113	0.5390697234	1.119067089
114	0.5397045086	1.118559825
115	0.5399406071	1.118137916
116	0.5401913967	1.117893748
117	0.5398316779	1.117580778
118	0.5399339309	1.117131647
119	0.5402940953	1.116796813
120	0.5406883177	1.116242707
121	0.5412035017	1.115723765
122	0.5404909121	1.115371598
123	0.5399899453	1.114986577
124	0.5411796335	1.114550277
125	0.541626672	1.114134385
126	0.5413895268	1.113698747
127	0.5412660221	1.113293917
128	0.5414250613	1.112960144
129	0.5410535155	1.1124735
130	0.5406640588	1.112116543
131	0.5402869483	1.111660503
132	0.5403581328	1.111445097
133	0.5401666666	1.111086871
134	0.5405772642	1.110791691
135	0.5416054198	1.110457543
136	0.541247972	1.110153561
137	0.5418957663	1.109867582
138	0.5413720411	1.109522173
139	0.5413326582	1.109217682
140	0.5418747182	1.108971325
141	0.542042988	1.108620231
142	0.541936054	1.108333279
143	0.5423661889	1.108001514
144	0.5428662692	1.107699649
145	0.5425328839	1.107243843
146	0.5432498649	1.106779532
147	0.5432664831	1.106271967
148	0.5427947488	1.10586157
149	0.5429489778	1.105624521
150	0.5428314774	1.105328239
151	0.542898662	1.104909168
152	0.5430836857	1.104615912
153	0.5441756366	1.104291583
154	0.5444641214	1.104103692
155	0.544302739	1.103832456
156	0.5442159116	1.103502099
157	0.5453274842	1.103138726
158	0.5443628272	1.1028921
159	0.5451557078	1.102686597
160	0.5448551433	1.102272178
161	0.5444190043	1.102023286
162	0.5444831938	1.101767485
163	0.5436476717	1.10157651
164	0.5438782318	1.10125878
165	0.5436327668	1.100899374
166	0.5437673588	1.100697241
167	0.5443262891	1.100173135
168	0.5446619628	1.099900729
169	0.5443430097	1.099565748
170	0.5451254595	1.099422787
171	0.5451866554	1.099136914
172	0.5456298946	1.098835664
173	0.5457804796	1.098414026
174	0.5441030749	1.098183004
175	0.5442246256	1.097719073
176	0.5442446744	1.097475724
177	0.5447891468	1.097299625
178	0.5449397369	1.097157882
179	0.5451864783	1.09683168
180	0.5453708086	1.096573072
181	0.546308679	1.096152073
182	0.5459541247	1.095775959
183	0.5461739015	1.095515479
184	0.5469172682	1.095172922
185	0.5464021434	1.094907018
186	0.5461760689	1.094659259
187	0.5465736966	1.094416437
188	0.5465152282	1.09411652
189	0.5463858946	1.093702355
190	0.5465053502	1.093342583
191	0.5463606498	1.093056189
192	0.5464284243	1.09278268
193	0.5458677588	1.092344038
194	0.5449785552	1.092052636
195	0.5453389615	1.091770029
196	0.5454692484	1.091570321
197	0.5448707144	1.091215909
198	0.5447089785	1.090960884
199	0.544804341	1.090738117
200	0.5454545732	1.090456276
201	0.545681071	1.090304273
202	0.5455531332	1.090106674
203	0.5454168123	1.089861685
204	0.5464979058	1.089625709
205	0.5462906268	1.089350679
206	0.5457389278	1.089004157
207	0.5453528663	1.088653034
208	0.5455458205	1.088388366
209	0.5449009107	1.088109369
210	0.5449072836	1.087899476
211	0.5453404063	1.087572535
212	0.5452980929	1.087266035
213	0.5451862349	1.087010588
214	0.5460189556	1.086753552
215	0.5455133164	1.086363277
216	0.5461410652	1.086167962
217	0.5457920426	1.086037539
218	0.5460849073	1.085770991
219	0.546127582	1.085575214
220	0.5460219961	1.085242395
221	0.546600412	1.084941899
222	0.5464495963	1.084701094
223	0.5458352594	1.084485609
224	0.5457557279	1.084188162
225	0.5462026366	1.083960301
226	0.5467059165	1.083725814
227	0.5466742102	1.083468721
228	0.5466905336	1.083282214
229	0.5469089922	1.082862826
230	0.5469933531	1.082722805
231	0.5466197281	1.082547798
232	0.5472545194	1.082293245
233	0.5472425469	1.081955156
234	0.5475513327	1.081755565
235	0.547582409	1.081625235
236	0.5463700718	1.081375983
237	0.5460000493	1.081126616
238	0.5461504694	1.080978502
239	0.5467799185	1.080687084
240	0.5473506142	1.080350693
241	0.5474088763	1.080188619
242	0.5474088763	1.080069674
243	0.547847381	1.079833875
244	0.5474812772	1.079462061
245	0.5473613486	1.079177591
246	0.5475506411	1.078908289
247	0.5473583687	1.078522635
248	0.5472458815	1.078121047
249	0.5472786978	1.077855081
250	0.5470446374	1.07755988
251	0.5465888942	1.077190415
252	0.5470483518	1.077001626
253	0.5465399642	1.076774791
254	0.5468697747	1.076517505
255	0.546838626	1.076154604
256	0.5470634524	1.075973922
257	0.5464173309	1.075633683
258	0.5459841492	1.075387049
259	0.547472939	1.075137462
260	0.5464080561	1.07491591
261	0.5471253074	1.074664508
262	0.5465198849	1.074443663
263	0.5471058251	1.07421177
264	0.547945739	1.074071379
265	0.5489307996	1.073701462
266	0.548788182	1.073404452
267	0.5488367068	1.073234794
268	0.5491819966	1.073036513
269	0.5492826637	1.072735193
270	0.5487878254	1.072601099
271	0.5494198703	1.072322038
272	0.5486953569	1.072129681
273	0.5487025188	1.0719327
274	0.5495019208	1.071622347
275	0.5496740339	1.071384915
276	0.5503017088	1.071164329
277	0.5506246185	1.070801098
278	0.5499088761	1.070367755
279	0.550199505	1.070093731
280	0.5501562526	1.069842138
281	0.5503406988	1.069612547
282	0.5501796565	1.069294152
283	0.5501837127	1.069044695
284	0.5503577799	1.068659863
285	0.5504677732	1.068343079
286	0.5513864252	1.068041964
287	0.551502213	1.06785047
288	0.5509694039	1.067595946
289	0.551253198	1.067340575
290	0.5511247564	1.067106177
291	0.5515485408	1.066936634
292	0.5509684521	1.066643975
293	0.5515000662	1.066308863
294	0.5522547141	1.065938306
295	0.5522032657	1.065717997
296	0.552711172	1.065409025
297	0.5527354639	1.065216737
298	0.5538861709	1.064923849
299	0.5532846847	1.064707943
300	0.5536102834	1.064546868
301	0.5535700668	1.064296884
302	0.5531745034	1.064107012
303	0.5529989348	1.063710433
304	0.553482199	1.06339302
305	0.5528303031	1.063115547
306	0.5523270172	1.062855073
307	0.553718247	1.06268397
308	0.5536418852	1.062350983
309	0.5536337422	1.062102421
310	0.5534465523	1.061921887
311	0.5537575098	1.06163427
312	0.5541239364	1.061476862
313	0.5542464198	1.061291886
314	0.5539592226	1.061083714
315	0.5544530597	1.060814064
316	0.5544249527	1.060580663
317	0.5543051557	1.06029013
318	0.5543310806	1.05996136
319	0.553268587	1.059672483
320	0.5530495953	1.059495683
321	0.554064928	1.059305721
322	0.5539955148	1.059120073
323	0.5541693016	1.058868572
324	0.5547062612	1.058677321
325	0.554283581	1.058523445
326	0.553973717	1.058221746
327	0.5546007709	1.058017329
328	0.5535400122	1.057733014
329	0.5544138493	1.057567087
330	0.5542876333	1.057288315
331	0.5545362248	1.057059354
332	0.5553066351	1.056740528
333	0.5542806111	1.056521372
334	0.5547943041	1.056259543
335	0.5552818524	1.055956267
336	0.5550196484	1.055692502
337	0.5553761535	1.055379309
338	0.554584829	1.05509816
339	0.5545658626	1.054807388
340	0.5543173192	1.054679022
341	0.5547684767	1.054466684
342	0.5547684767	1.054289267
343	0.5548615605	1.053957918
344	0.5549374343	1.05379794
345	0.5540685979	1.053579771
346	0.5558001132	1.053354091
347	0.5554805559	1.053078571
348	0.5547916722	1.05283035
349	0.5554454439	1.052549829
350	0.5550096832	1.052380972
351	0.5554007104	1.052090107
352	0.5558177161	1.051865255
353	0.5558826271	1.05169503
354	0.5557753544	1.051385753
355	0.5555497882	1.051144336
356	0.5559329439	1.050788164
357	0.5559388805	1.050605635
358	0.5557071193	1.050479272
359	0.5555726738	1.050259617
360	0.5555788612	1.049957294
361	0.555396079	1.049767448
362	0.5566777361	1.049528516
363	0.5568852998	1.049350084
364	0.5573292013	1.049134842
365	0.5567492459	1.048979337
366	0.5568516975	1.048843645
367	0.5574995839	1.048488806
368	0.5577521678	1.048248353
369	0.5586712156	1.047977311
370	0.5584440149	1.04766881
371	0.5588508103	1.047356331
372	0.5585296281	1.047127407
373	0.5588684339	1.046801451
374	0.5586961578	1.046615825
375	0.5585634487	1.046254982
376	0.5592335909	1.04612669
377	0.5594851714	1.045910523
378	0.5594079092	1.045646163
379	0.5589614965	1.045403058
380	0.5591693169	1.044929333
381	0.5591798093	1.044656859
382	0.5594149965	1.044272056
383	0.5597405016	1.044007142
384	0.5599169532	1.04377738
385	0.5602598421	1.043568664
386	0.5590309191	1.043394855
387	0.5589047191	1.043256492
388	0.5588815871	1.043018625
389	0.5605634076	1.042863775
390	0.5597438047	1.042634798
391	0.5600881396	1.042534357
392	0.5595961286	1.042340361
393	0.5599611447	1.04209445
394	0.5597670492	1.04198402
395	0.560176431	1.041684379
396	0.5594462485	1.041449204
397	0.5600616571	1.04124346
398	0.5593907662	1.040902389
399	0.5597444811	1.040727768
400	0.5596924442	1.040403746
401	0.5602404088	1.040106048
402	0.5602678153	1.039866553
403	0.560405653	1.03959208
404	0.5600894275	1.03930495
405	0.5601337694	1.039081054
406	0.5605093756	1.038805557
407	0.5611641872	1.038581256
408	0.562072683	1.038337194
409	0.5618767841	1.03811056
410	0.5618862982	1.037974157
411	0.5616446226	1.037756934
412	0.5616380727	1.03754266
413	0.5617687828	1.037372552
414	0.5618296297	1.03714596
415	0.561587103	1.036969662
416	0.5614198279	1.036757209
417	0.561402805	1.036429526
418	0.5615559402	1.036234593
419	0.5611266546	1.035982869
420	0.5613837763	1.035703264
421	0.5614995327	1.035403545
422	0.5610990009	1.035191746
423	0.561428537	1.034853266
424	0.5613229661	1.034549004
425	0.5612936378	1.034292211
426	0.561697849	1.03400483
427	0.5617993931	1.033746845
428	0.5618803726	1.033532172
429	0.5622021743	1.033321766
430	0.5619658877	1.033107403
431	0.562004778	1.032813409
432	0.5632017835	1.032379732
433	0.5630244168	1.032202902
434	0.5627258981	1.032040209
435	0.5624425292	1.031761866
436	0.5624440013	1.031508874
437	0.5627306213	1.031214426
438	0.562898664	1.030889669
439	0.5627547817	1.030626039
440	0.5624382571	1.030292159
441	0.5623252275	1.030047879
442	0.5624694654	1.029839479
443	0.5628887217	1.029663752
444	0.5633277497	1.029411607
445	0.5628715195	1.029095104
446	0.5625183356	1.028812159
447	0.5632675713	1.028396036
448	0.5638267876	1.02811604
449	0.5640370194	1.027746729
450	0.5638463843	1.027527436
451	0.5639251597	1.027257361
452	0.5643015454	1.026920313
453	0.5646247149	1.026691353
454	0.5645441429	1.026459783
455	0.5648118455	1.026138917
456	0.5652947305	1.025881116
457	0.5655975661	1.025676714
458	0.56514478	1.025306161
459	0.5652449215	1.025163366
460	0.5661248657	1.02485893
461	0.5662563554	1.024661458
462	0.566677609	1.024465821
463	0.5661023942	1.024105582
464	0.5661816804	1.023911354
465	0.5663185896	1.023719403
466	0.5664125645	1.023576605
467	0.5662592768	1.023335329
468	0.5665087373	1.02311136
469	0.5669596801	1.022851724
470	0.5667737994	1.022725805
471	0.5670651928	1.022437734
472	0.5670345483	1.022292471
473	0.5669551659	1.021948373
474	0.5669146973	1.021731962
475	0.5673029385	1.021297442
476	0.5674394632	1.021055725
477	0.5676721063	1.020741138
478	0.5679403664	1.020409801
479	0.5684545399	1.020183246
480	0.5680640012	1.019961169
481	0.5683987341	1.0197097
482	0.5683681415	1.019229463
483	0.5683029979	1.018953617
484	0.5685523977	1.018682731
485	0.5683659887	1.018453619
486	0.5679594555	1.018108232
487	0.5681305523	1.017876053
488	0.5683395442	1.017655206
489	0.568352556	1.017532952
490	0.5685628639	1.017287696
491	0.5680555235	1.016967134
492	0.5680705087	1.016767179
493	0.567698253	1.016558853
494	0.5684896077	1.016169319
495	0.568547268	1.015941285
496	0.5684939671	1.015828935
497	0.5687395363	1.015579221
498	0.5687032727	1.015353811
499	0.5684944753	1.014980874
500	0.5694637068	1.014849855
501	0.5704216851	1.014422661
502	0.5699347279	1.014213679
503	0.5697889139	1.013883178
504	0.5703649878	1.013609731
505	0.5704726898	1.013366039
506	0.5704058681	1.013054253
507	0.5707134472	1.012859156
508	0.5707666889	1.012663814
509	0.5710077285	1.012494807
510	0.5713430942	1.012224099
511	0.5709794136	1.012011851
512	0.5704645029	1.011673904
513	0.5703201376	1.011452906
514	0.5698271711	1.011201307
515	0.5699881348	1.010959983
516	0.5699396876	1.010740166
517	0.5691641779	1.01040228
518	0.5690245204	1.010113399
519	0.569418615	1.009657929
520	0.5696019238	1.00937997
521	0.5696241852	1.009050077
522	0.5698759171	1.008844945
523	0.5697192493	1.00865121
524	0.5711202373	1.008222221
525	0.5711743067	1.007916276
526	0.5717005103	1.007655796
527	0.5717286466	1.00737738
528	0.5714401398	1.007210049
529	0.571307404	1.006945799
530	0.5720169916	1.006773277
531	0.5721254322	1.006662546
532	0.572303166	1.006407269
533	0.5731522997	1.006122915
534	0.572771533	1.005924158
535	0.5727209518	1.005730197
536	0.5730889931	1.005445104
537	0.5733749038	1.0052849
538	0.5730997114	1.005016016
539	0.5739287783	1.004585903
540	0.5752250091	1.004354051
541	0.575565665	1.004148448
542	0.5751896934	1.003986543
543	0.5754258576	1.003672011
544	0.5750368992	1.003512383
545	0.5755553102	1.00337866
546	0.5757158833	1.003130414
547	0.5757535924	1.002877047
548	0.5758653266	1.002670464
549	0.5759207342	1.00244692
550	0.576176455	1.002086963
551	0.5762582864	1.001957208
552	0.576273459	1.001634504
553	0.5761925336	1.001449296
554	0.5756165989	1.0012299
555	0.5753798098	1.000945269
556	0.5751229258	1.000838927
557	0.5751229258	1.00061258
558	0.5751893033	1.000408983
559	0.5749790694	1.000136752
560	0.5747263914	0.9998392778
561	0.5748488756	0.9996903002
562	0.5756295305	0.9994019915
563	0.5763742637	0.9992406036
564	0.575942701	0.9989200359
565	0.5764068556	0.9985692105
566	0.5760860013	0.9983879882
567	0.5759246558	0.9979607177
568	0.574546711	0.9976785858
569	0.5758089429	0.9974985062
570	0.5762675719	0.9972842155
571	0.5768176335	0.9970303842
572	0.576223411	0.9968897429
573	0.5770259732	0.996651352
574	0.5755698338	0.9964085879
575	0.5762148864	0.9962262684
576	0.5764733923	0.9958939363
577	0.5764477133	0.9956409321
578	0.5766282392	0.9954123203
579	0.5765748817	0.9952069102
580	0.5767927177	0.994990071
581	0.5769591862	0.9947997084
582	0.5764885077	0.9944580212
583	0.5774406235	0.9943058513
584	0.5775159861	0.9939886373
585	0.5774981166	0.9938150699
586	0.5769861879	0.9934917982
587	0.5771995875	0.9933440403
588	0.5773908172	0.9930911006
589	0.577379792	0.9929350146
590	0.5776042468	0.992712326
591	0.5773160085	0.9925505075
592	0.5774475315	0.9924024962
593	0.5773044363	0.9921378243
594	0.5775675861	0.9919258799
595	0.5777795752	0.9917303039
596	0.578018522	0.9914652764
597	0.5780192083	0.9912735762
598	0.5786594171	0.990983296
599	0.5788521373	0.9908215695
600	0.5785983675	0.9906340934
601	0.5787294051	0.99046447
602	0.578313375	0.9901068963
603	0.5781998551	0.9899066672
604	0.5787766829	0.9895396718
605	0.5787175608	0.9892107777
606	0.5790829194	0.989011241
607	0.5791541433	0.9887711676
608	0.5794231204	0.9884563459
609	0.579963234	0.9881757563
610	0.5803207591	0.9878746402
611	0.5804893811	0.9877048285
612	0.580084106	0.9874661572
613	0.5810006863	0.9869986257
614	0.5813550887	0.9867726906
615	0.5812649057	0.9865438283
616	0.5813855875	0.9862302115
617	0.581339783	0.985984966
618	0.5818863685	0.9858408186
619	0.5815926283	0.985598716
620	0.5819749049	0.9854488126
621	0.5821283275	0.9851062813
622	0.5817309042	0.9848007971
623	0.5820504251	0.9845745259
624	0.582234945	0.9842562099
625	0.5821136759	0.9840716074
626	0.5828896906	0.9838923577
627	0.5827757816	0.9835957653
628	0.5834913937	0.9833748939
629	0.5835035579	0.9832261108
630	0.5832180479	0.9830198381
631	0.5832926324	0.9826924214
632	0.5828953856	0.9824242513
633	0.5829649086	0.982168797
634	0.5835756303	0.9819529343
635	0.5838305158	0.9816411653
636	0.5838494726	0.9814161067
637	0.5835422309	0.981099287
638	0.5829764007	0.9808933381
639	0.5834710591	0.9806293972
640	0.5840525427	0.9804273421
641	0.5841949092	0.9802878242
642	0.5842904432	0.9800259297
643	0.5838165649	0.9797967616
644	0.5836463741	0.9795115404
645	0.5842647807	0.9792328112
646	0.5842100362	0.979019779
647	0.5842609188	0.9787822083
648	0.584956527	0.9785174954
649	0.5849177629	0.9783559353
650	0.5848890902	0.9781603688
651	0.5850828814	0.9779682203
652	0.5857376616	0.9778700144
653	0.5854975794	0.9776481461
654	0.5857620744	0.9775075308
655	0.5860728924	0.9773212237
656	0.5869441805	0.9769916244
657	0.5867057978	0.9768244505
658	0.5866859894	0.9766209261
659	0.587584494	0.9764007756
660	0.5865829014	0.9761293952
661	0.5865736726	0.9759971768
662	0.5869200298	0.9758412634
663	0.5866354185	0.9756403584
664	0.5860494074	0.9753631323
665	0.5863421893	0.9751035305
666	0.5873970872	0.974832186
667	0.5871299619	0.9746253418
668	0.5868184301	0.974411862
669	0.5870587887	0.9742289202
670	0.5880543974	0.9739738629
671	0.5880763324	0.9738633931
672	0.5886947643	0.9736317604
673	0.5887659543	0.9734313564
674	0.5893537216	0.9732628144
675	0.5892280411	0.9730415839
676	0.5892280411	0.9729141382
677	0.5890807837	0.9725785831
678	0.5895492313	0.9723164336
679	0.5892502627	0.9721814658
680	0.5892860196	0.9719322562
681	0.59030529	0.9717190941
682	0.5902246451	0.9715962937
683	0.5896656705	0.9713570286
684	0.5897591361	0.9711303566
685	0.5897153805	0.9710378719
686	0.5900932527	0.9706883924
687	0.5903390532	0.9704701455
688	0.5910399325	0.9701367933
689	0.5905717594	0.9699606601
690	0.5911673673	0.9697751949
691	0.5919265724	0.9696291078
692	0.5921654348	0.9693682024
693	0.5922006309	0.9690096467
694	0.5929779857	0.9688126543
695	0.5921331379	0.9686524013
696	0.5926315949	0.9684737163
697	0.5933705732	0.9681672938
698	0.5935605817	0.9678668567
699	0.5943551506	0.9677084341
700	0.5943319785	0.9673355249
701	0.5937878412	0.9671197063
702	0.5937712273	0.9669179569
703	0.5937912327	0.966672153
704	0.5936745691	0.966422416
705	0.5936361568	0.9662540278
706	0.594316988	0.9661090951
707	0.5935535239	0.9659433298
708	0.5937734709	0.9657570746
709	0.5936671789	0.9655668051
710	0.5937608861	0.9653355287
711	0.594461857	0.9650708001
712	0.5938035335	0.9649345145
713	0.5940981321	0.9647660598
714	0.5940298421	0.9644256334
715	0.5941712301	0.9641811979
716	0.5946640846	0.9639830562
717	0.5944142489	0.9638026038
718	0.5945445581	0.9635072935
719	0.5945182435	0.9632730082
720	0.594719187	0.9631199179
721	0.5942042037	0.9629614627
722	0.5943179871	0.9627175552
723	0.5941043391	0.9623307716
724	0.5953007152	0.9621376526
725	0.5952425559	0.9619210409
726	0.5958999933	0.9617230383
727	0.5961594765	0.9614407076
728	0.5962167372	0.961116341
729	0.5963337428	0.9609059578
730	0.5959134971	0.9605447463
731	0.5955011559	0.9603534133
732	0.5956663828	0.9601692165
733	0.5963944093	0.9599254369
734	0.5966175598	0.9597586386
735	0.5962091111	0.9596172293
736	0.5967897325	0.9593590301
737	0.59677594	0.9592323986
738	0.5969907286	0.9590050171
739	0.5968108744	0.9587572008
740	0.5967519581	0.9586066007
741	0.5968870906	0.9583666929
742	0.5976340201	0.9580960306
743	0.598329057	0.9578347116
744	0.5984030329	0.957674081
745	0.5984970156	0.9574823457
746	0.5987281147	0.957229084
747	0.5984174786	0.9569100637
748	0.5983985241	0.956640484
749	0.5986115187	0.9564442931
750	0.5989123002	0.9560890709
751	0.5991411966	0.9558529243
752	0.5991945834	0.9556653934
753	0.5993651023	0.9553795168
754	0.5991959985	0.9550861559
755	0.5993487819	0.9549053866
756	0.5994057856	0.9548269576
757	0.5997177178	0.9546198619
758	0.5992103431	0.9543481574
759	0.599589546	0.9542750299
760	0.5994650439	0.9541494505
761	0.5997597753	0.9539481135
762	0.5996996639	0.9536197494
763	0.6006854	0.9534545165
764	0.600405277	0.9532087283
765	0.6005738821	0.9530806754
766	0.6013492447	0.9529729782
767	0.6010770235	0.9527535308
768	0.6016956546	0.9525595035
769	0.6015376116	0.9523372871
770	0.6010532019	0.9521660301
771	0.6017689176	0.9519242525
772	0.6019223357	0.9516710036
773	0.6024145078	0.951349278
774	0.6027476442	0.9511936199
775	0.6019904457	0.9509464552
776	0.6025108233	0.9507548008
777	0.6020264041	0.9505847717
778	0.6011938824	0.9503589478
779	0.6009878178	0.950148047
780	0.601579707	0.9499664561
781	0.6008512634	0.9497712463
782	0.6013783748	0.9496436294
783	0.6016247431	0.9494494892
784	0.6017815924	0.9492793954
785	0.6018348891	0.9491014822
786	0.6018438176	0.9488646122
787	0.6025415432	0.9485955111
788	0.603068668	0.948393449
789	0.6024479817	0.9482003692
790	0.6026361354	0.9479660034
791	0.6040265889	0.9477089104
792	0.6041322813	0.9474104363
793	0.6031876738	0.9471180927
794	0.6045546755	0.946897634
795	0.6042399788	0.9465704354
796	0.6041662263	0.946267058
797	0.6041106265	0.9460619294
798	0.6042285035	0.9458588283
799	0.6049678123	0.9455755771
800	0.6039370862	0.9454085121
801	0.6044122878	0.9451473996
802	0.605690168	0.9448643305
803	0.6064182585	0.9445794019
804	0.6064182585	0.9443749801
805	0.6065711963	0.944109954
806	0.6065825584	0.943869594
807	0.6067256924	0.9435792055
808	0.6067256924	0.9435001511
809	0.6066382278	0.9432189828
810	0.6071864618	0.9430548699
811	0.6072588686	0.9426263946
812	0.6074176277	0.9424631856
813	0.6075499548	0.9422840158
814	0.6076942788	0.9421377368
815	0.6077733083	0.9420337885
816	0.6069280876	0.9418618728
817	0.6066430521	0.9416346045
818	0.6076690305	0.9414186484
819	0.6075199078	0.941203628
820	0.6070242401	0.941002012
821	0.6080009997	0.9408467011
822	0.6092013414	0.9406715686
823	0.6095673294	0.9403273982
824	0.6095182179	0.9401431523
825	0.6093172111	0.9399239514
826	0.6100849097	0.9397340624
827	0.6096713136	0.93945195
828	0.6097712323	0.9391949539
829	0.6094620825	0.9389472542
830	0.6097431628	0.938697373
831	0.6097827776	0.9385506147
832	0.6098064994	0.9382379759
833	0.6097532332	0.9381472981
834	0.6100709658	0.9378879847
835	0.6101873346	0.9376383323
836	0.6107481587	0.9374300368
837	0.6107184847	0.9372638034
838	0.6109179701	0.9370145902
839	0.6109594682	0.9368235548
840	0.6111781326	0.9365424003
841	0.6105237305	0.9361300587
842	0.610721186	0.9359349801
843	0.6118517483	0.9358195965
844	0.6121237297	0.9356738986
845	0.6126504108	0.93550202
846	0.6131683107	0.9353421284
847	0.6140394887	0.9351055549
848	0.6135011092	0.9348214689
849	0.6136653855	0.9346480407
850	0.6128930074	0.9344193087
851	0.6132521855	0.9341259133
852	0.6133467015	0.9339986192
853	0.6133467015	0.9338585992
854	0.6133467015	0.9337486447
855	0.6136116041	0.9335995934
856	0.6138500712	0.9334745119
857	0.6142351091	0.933313005
858	0.6142460241	0.9331033235
859	0.6135784409	0.9328662545
860	0.613711401	0.9325866198
861	0.61370178	0.9323722227
862	0.6146326392	0.9320803627
863	0.614097978	0.9318942984
864	0.6141529272	0.9317168164
865	0.6143579519	0.9315356215
866	0.6146982607	0.9312006157
867	0.6146031716	0.9310296592
868	0.6148959892	0.9308802404
869	0.6147257322	0.9305942076
870	0.6142745525	0.9304025225
871	0.6149555574	0.9301997247
872	0.6147162369	0.9298522672
873	0.6131921843	0.9295602384
874	0.6133820173	0.9292575926
875	0.613664848	0.9291363359
876	0.6134426834	0.9290224239
877	0.6135759753	0.9288563215
878	0.6132218504	0.9285461785
879	0.6128107709	0.9283269164
880	0.6128618911	0.9280742164
881	0.6126869147	0.9278556013
882	0.6132183698	0.927597638
883	0.6140060495	0.9274431927
884	0.6135751021	0.9273174075
885	0.6136648535	0.927126252
886	0.6136850988	0.926929415
887	0.6139258545	0.9267203965
888	0.613856273	0.9266332923
889	0.6141662056	0.9265422987
890	0.6141824699	0.9262896468
891	0.6142764606	0.9260653556
892	0.6139649973	0.9258653627
893	0.6140969032	0.9257248212
894	0.6140158003	0.9255460898
895	0.614696815	0.9253460897
896	0.6148155643	0.9251303564
897	0.6149390384	0.9248985469
898	0.6146120038	0.9247185397
899	0.614798309	0.924367428
900	0.6149528955	0.9242065007
901	0.6153993751	0.9239395463
902	0.6155987733	0.9236790948
903	0.6157222293	0.9235232437
904	0.6159881613	0.9233000614
905	0.6167079512	0.9231409523
906	0.6167793261	0.9229816547
907	0.6171252646	0.9227966848
908	0.6162947981	0.9225877581
909	0.6164772277	0.9223438086
910	0.6165528659	0.9222529529
911	0.6165873799	0.9220347742
912	0.6162390179	0.9218422563
913	0.616541921	0.9215918854
914	0.6167616521	0.9213124579
915	0.6168201966	0.9211183981
916	0.6168611136	0.920853814
917	0.6169627763	0.9205980572
918	0.6171982996	0.9204047581
919	0.6175903708	0.9202107731
920	0.6175778224	0.920104261
921	0.618565641	0.9198819988
922	0.6184755092	0.9196066012
923	0.6187654398	0.9193796423
924	0.6195320038	0.919200471
925	0.6187191101	0.9190299477
926	0.618817718	0.9188925988
927	0.6186879159	0.9186361491
928	0.6187539817	0.9184143746
929	0.6186579008	0.918240677
930	0.6188066506	0.9180531865
931	0.619282057	0.9178627696
932	0.6190263548	0.9175842865
933	0.6195713357	0.9173010659
934	0.6194893299	0.9170052258
935	0.6190201492	0.9167563198
936	0.6191325527	0.9166197034
937	0.6192520644	0.9164670557
938	0.6195408744	0.9162813022
939	0.6190365683	0.9160971393
940	0.6190056497	0.9158748667
941	0.6196561595	0.9156035382
942	0.6193611025	0.9153272227
943	0.6199487996	0.9151551532
944	0.6193629786	0.9149250403
945	0.6195084511	0.9147829052
946	0.6200810267	0.9146462243
947	0.6200563101	0.9144287615
948	0.6201268446	0.9142487969
949	0.6201479565	0.9140729809
950	0.6202680775	0.9138644802
951	0.6194175797	0.9136887159
952	0.6201707214	0.9134678635
953	0.6208343968	0.9133256063
954	0.620469721	0.9130785705
955	0.6208031283	0.9128618408
956	0.6209501067	0.9127453376
957	0.6209759591	0.91263277
958	0.6211229803	0.9125022141
959	0.6211265393	0.9122683786
960	0.6213257848	0.9120935414
961	0.6216495545	0.9118457351
962	0.6218521474	0.9116527444
963	0.6229740045	0.9114475684
964	0.6227239817	0.9112054538
965	0.6232612752	0.9110256913
966	0.6233634375	0.9108688068
967	0.6236010254	0.9107361235
968	0.6235878096	0.9105773473
969	0.6234250203	0.9103360849
970	0.6234761498	0.9101323883
971	0.623100399	0.9098857246
972	0.6232845725	0.9096142259
973	0.6224950932	0.9093543245
974	0.623184644	0.9092184012
975	0.6228281614	0.9091084681
976	0.622855731	0.9089742261
977	0.62290988	0.9087781227
978	0.6233240794	0.9085710095
979	0.6231070715	0.9083771907
980	0.6229735776	0.9083026924
981	0.6225396679	0.9081301609
982	0.6214549844	0.9078445609
983	0.6233796464	0.9075934204
984	0.6232546154	0.9074060651
985	0.6235175194	0.9072517486
986	0.6237356707	0.9071039178
987	0.6238915832	0.9069323059
988	0.624263753	0.9067869454
989	0.6245932077	0.9066493583
990	0.6248387074	0.9064893137
991	0.6246852469	0.9062545436
992	0.6248999506	0.9060628676
993	0.6247996354	0.9058954598
994	0.6257892263	0.905720513
995	0.6252258763	0.9054950469
996	0.626064708	0.9052959451
997	0.6262022595	0.905118858
998	0.625446056	0.9049705123
999	0.6252721078	0.904736747
1000	0.6257361661	0.9045215796
1001	0.6265415675	0.9042654788
1002	0.6260230297	0.904121172
1003	0.6265053335	0.9039311023
1004	0.6265767273	0.9038170396
1005	0.6266038077	0.9036948876
1006	0.6263791873	0.9034896641
1007	0.626012811	0.9031935749
1008	0.6267880693	0.9029790125
1009	0.6267080856	0.9028080432
1010	0.6261393557	0.9026253725
1011	0.626192877	0.9025236984
1012	0.627142905	0.902324626
1013	0.6265548658	0.9020157711
1014	0.6265038138	0.9017917565
1015	0.6261216227	0.9015934057
1016	0.6263384498	0.9013217591
1017	0.6264234282	0.9012063618
1018	0.6266229817	0.9009924894
1019	0.6270528027	0.9008674041
1020	0.6265877838	0.9006885014
1021	0.627946778	0.9004659274
1022	0.6278787006	0.9002574301
1023	0.6283754976	0.9001009106
1024	0.6280365811	0.8999920096
1025	0.6282230816	0.8997377619
1026	0.6279431827	0.8995630608
1027	0.6280812139	0.899359105
1028	0.6288590768	0.8991196739
1029	0.6288088382	0.8988826106
1030	0.6282440205	0.8986510914
1031	0.6283935437	0.898505252
1032	0.6280430967	0.8983293412
1033	0.628620269	0.8981502454
1034	0.6289114184	0.8979338031
1035	0.6292329285	0.8976570766
1036	0.6291446039	0.8974678709
1037	0.6295634691	0.8973381814
1038	0.6296158021	0.8970314077
1039	0.6288488232	0.8968134759
1040	0.628240595	0.8966479616
1041	0.6284835178	0.8964617301
1042	0.6283626967	0.8961603728
1043	0.6285261206	0.8959557995
1044	0.6280640565	0.8958040707
1045	0.6283942926	0.8956125941
1046	0.6289693613	0.8953684727
1047	0.6287455552	0.895224249
1048	0.6286386161	0.8949937582
1049	0.628648214	0.8948781552
1050	0.6288452503	0.8947698796
1051	0.6293660398	0.8946091
1052	0.629147223	0.8943593426
1053	0.6293263685	0.8942166616
1054	0.6293983192	0.8941186278
1055	0.6301034706	0.8940274139
1056	0.6304154027	0.8938347665
1057	0.6304642103	0.8936218059
1058	0.6301879942	0.8933781412
1059	0.6303128465	0.8932231606
1060	0.6306622756	0.893033319
1061	0.6305385155	0.8928946511
1062	0.6307476431	0.8926582014
1063	0.6306194557	0.8925103754
1064	0.630377712	0.8923484727
1065	0.6306032232	0.89216801
1066	0.6304504149	0.8920145261
1067	0.6303680083	0.8918603814
1068	0.6313302397	0.8916641091
1069	0.6329061704	0.8914175821
1070	0.6332624394	0.8912801735
1071	0.6332331394	0.8910656218
1072	0.6341373598	0.8907382393
1073	0.6343549562	0.8905054533
1074	0.6344841646	0.8904180545
1075	0.6345498926	0.8902310292
1076	0.6343592889	0.8899286093
1077	0.6349787116	0.889703707
1078	0.6355203681	0.8894889089
1079	0.6353410237	0.8891808891
1080	0.6342214342	0.8890117402
1081	0.6340466514	0.8888740001
1082	0.6352112955	0.8886458873
1083	0.636049924	0.8884332969
1084	0.6365633771	0.8882469216
1085	0.6350061895	0.8879490859
1086	0.6345583106	0.8877383601
1087	0.6345282678	0.8875498664
1088	0.63474229	0.8874041241
1089	0.6347615441	0.8872222983
1090	0.6344095524	0.8870016992
1091	0.6342602892	0.8867873608
1092	0.6341466381	0.8865746616
1093	0.6342030414	0.8864300754
1094	0.6340886852	0.8862461396
1095	0.6337073163	0.8860861019
1096	0.6347313795	0.885889295
1097	0.634969213	0.8856720153
1098	0.6358360424	0.885459397
1099	0.6359398242	0.8851787108
1100	0.6360112907	0.8850434007
1101	0.636079245	0.8848989244
1102	0.6359864988	0.8846920075
1103	0.6361348349	0.8844915146
1104	0.6354716951	0.8843119098
1105	0.6357016606	0.8840783453
1106	0.636615554	0.8838859202
1107	0.6365219576	0.8836804784
1108	0.6365219576	0.8835833522
1109	0.6366408771	0.8833764137
1110	0.6366053059	0.883207503
1111	0.6366199236	0.8830220174
1112	0.6366967118	0.8828577431
1113	0.6380110466	0.8827094128
1114	0.6381334844	0.8824847113
1115	0.6381986508	0.8823436023
1116	0.6394879309	0.8821990818
1117	0.6390583288	0.8820133064
1118	0.6394392651	0.8818547517
1119	0.639070452	0.8815920262
1120	0.6397178619	0.8814420672
1121	0.6392278472	0.8812479014
1122	0.6406046721	0.880982268
1123	0.6411253482	0.8807026347
1124	0.6405370823	0.8804550407
1125	0.6407521343	0.8802977801
1126	0.6412391742	0.8801618057
1127	0.6408468225	0.8799151743
1128	0.6399646089	0.8797068442
1129	0.6401725573	0.8795374232
1130	0.6409182665	0.8793119671
1131	0.6403256361	0.8791502831
1132	0.6404599267	0.8789357702
1133	0.6407690804	0.8788147402
1134	0.6410927391	0.8786531141
1135	0.6415561091	0.8784678824
1136	0.6413438087	0.8782738085
1137	0.6419116285	0.8780984202
1138	0.6425281266	0.8778314283
1139	0.6416293861	0.8776171762
1140	0.6424451513	0.8773765338
1141	0.6419104524	0.8771549155
1142	0.642925441	0.876876887
1143	0.6429459002	0.8766690417
1144	0.6428538783	0.8764861088
1145	0.6429159368	0.8763316598
1146	0.6424678925	0.8761256654
1147	0.6432158716	0.8758917452
1148	0.643039705	0.8757868592
1149	0.6432212999	0.875622605
1150	0.6436074345	0.8754165406
1151	0.6434228326	0.8752850106
1152	0.6437434132	0.8750534809
1153	0.6442532063	0.8749300275
1154	0.6444358961	0.8746556575
1155	0.6455344035	0.8742997854
1156	0.6452091421	0.8741618502
1157	0.645415892	0.8740133061
1158	0.6452977983	0.8738788024
1159	0.6449444938	0.8737251205
1160	0.6447483069	0.8735142548
1161	0.6446922214	0.8733416606
1162	0.6453421668	0.8730874916
1163	0.6451602927	0.8729249883
1164	0.645738624	0.8727748372
1165	0.6455603468	0.8726033605
1166	0.6458541795	0.8724668073
1167	0.6462331449	0.8722640178
1168	0.6460363602	0.8721160997
1169	0.6461601368	0.8718527823
1170	0.6459049821	0.8715955936
1171	0.6458661383	0.8714025709
1172	0.6458072996	0.8712648773
1173	0.6461899378	0.8710670026
1174	0.6462562794	0.8709002662
1175	0.646276482	0.8707565034
1176	0.6469959916	0.870498162
1177	0.6468508791	0.8702781895
1178	0.647162106	0.8700639626
1179	0.6475875802	0.8699352459
1180	0.6476591609	0.8697838062
1181	0.6474420252	0.8695850006
1182	0.6472239688	0.8694123861
1183	0.6472143932	0.8691841517
1184	0.6474147321	0.868958529
1185	0.6477559066	0.8687832571
1186	0.6477328978	0.8685845822
1187	0.6483281518	0.868487746
1188	0.6484847529	0.8683716983
1189	0.6484423067	0.8682157762
1190	0.6485274237	0.8680286666
1191	0.6486984678	0.8678703041
1192	0.6489187624	0.8677613931
1193	0.6488934415	0.8675737176
1194	0.6484371959	0.8673500435
1195	0.6484971936	0.8672224277
1196	0.6486161882	0.8669789913
1197	0.6488315127	0.8668343922
1198	0.6491010079	0.8666956187
1199	0.6489624749	0.866581524
1200	0.6487690971	0.8663807602
1201	0.6492302814	0.8661901521
1202	0.649583806	0.8659901367
1203	0.6489396506	0.8658645263
1204	0.6489947834	0.8656040944
1205	0.6489947834	0.8655181167
1206	0.6489474469	0.8652606947
1207	0.6495823167	0.8650587982
1208	0.6499567974	0.864830769
1209	0.650005606	0.8646446887
1210	0.650197426	0.8645428989
1211	0.650197426	0.8644362326
1212	0.6500272688	0.8642751448
1213	0.6503270503	0.8640264564
1214	0.6499016166	0.8638557966
1215	0.6499891831	0.8636295054
1216	0.6497967752	0.863502507
1217	0.650033171	0.8632374227
1218	0.6502130723	0.8630017167
1219	0.6501438711	0.8628778712
1220	0.650067511	0.8626788544
1221	0.650240175	0.8625142333
1222	0.6509046898	0.8623371127
1223	0.6509879848	0.8621796033
1224	0.6506957779	0.8619659033
1225	0.6519235607	0.8617397292
1226	0.6514378321	0.8615218345
1227	0.6516509325	0.8613168392
1228	0.651263307	0.8611047449
1229	0.6513745746	0.8609998997
1230	0.6510059055	0.8608657221
1231	0.6518398263	0.8606082681
1232	0.6516129139	0.8604416627
1233	0.6522663324	0.8602142184
1234	0.6521844138	0.8599840094
1235	0.6521680732	0.8598289082
1236	0.6517590959	0.8596590296
1237	0.6519904551	0.8594913288
1238	0.6521572757	0.8593501633
1239	0.6519367675	0.8592751085
1240	0.6522671355	0.8591441919
1241	0.6526098619	0.8589726437
1242	0.6531308875	0.8587281245
1243	0.6528616636	0.8585195998
1244	0.6536871001	0.858254659
1245	0.654277822	0.8580999031
1246	0.6532285056	0.857910627
1247	0.6538876436	0.8576034594
1248	0.6534519901	0.8574949091
1249	0.6537592984	0.8572619414
1250	0.6536822455	0.8571348902
1251	0.6539226484	0.8569908687
1252	0.6544420517	0.856765881
1253	0.6544181216	0.8566434798
1254	0.6548969684	0.8563796118
1255	0.6550835095	0.8562033618
1256	0.6550540826	0.856089558
1257	0.6552653162	0.8559132749
1258	0.6552690353	0.8557332787
1259	0.6556257299	0.8554768141
1260	0.6554780215	0.8553815012
1261	0.655402622	0.8552805782
1262	0.655485242	0.8550445085
1263	0.6554176923	0.8548226818
1264	0.655952763	0.8546025385
1265	0.655297971	0.8544142052
1266	0.6557486264	0.8542594606
1267	0.6552581486	0.8541036356
1268	0.6555359786	0.853930591
1269	0.6550256892	0.8537565933
1270	0.655793411	0.8534279952
1271	0.6555337577	0.8532046929
1272	0.6560075254	0.8530111214
1273	0.6561545766	0.8527877454
1274	0.6561545766	0.8526573249
1275	0.6561008727	0.8525065518
1276	0.6558311932	0.8523625459
1277	0.6555203359	0.8521767416
1278	0.6556611236	0.8520256064
1279	0.6560040675	0.8517918605
1280	0.6556489057	0.8516509456
1281	0.6561239897	0.8514663748
1282	0.6562820687	0.8512618797
1283	0.6572700927	0.8510032833
1284	0.6569699754	0.8508441324
1285	0.6580367563	0.8505609842
1286	0.6582746296	0.8504401823
1287	0.6580286921	0.8502627231
1288	0.6582973913	0.8500881668
1289	0.6588757502	0.8499480803
1290	0.6583596322	0.8498721201
1291	0.6591012921	0.8496319289
1292	0.6595937537	0.8494468755
1293	0.6594894386	0.8492481249
1294	0.6598791818	0.8490601965
1295	0.6602390128	0.8488916637
1296	0.6603677201	0.8488038992
1297	0.660865912	0.8486747021
1298	0.6603811829	0.8485155818
1299	0.6608222081	0.8483773809
1300	0.6608222081	0.8483006768
1301	0.6607504919	0.8482039116
1302	0.6611406737	0.8480767183
1303	0.6608303123	0.8479893637
1304	0.6608381936	0.8478231528
1305	0.660895099	0.8476511434
1306	0.6602610415	0.8474691236
1307	0.6610304834	0.8472666318
1308	0.6611558576	0.8471340998
1309	0.6610072912	0.8469047502
1310	0.6613874148	0.8467014392
1311	0.6619312806	0.8464945481
1312	0.662528628	0.8463164551
1313	0.6622337549	0.8461520665
1314	0.6622530706	0.8459534587
1315	0.6625728544	0.8458845048
1316	0.6616492131	0.8456482955
1317	0.6617957789	0.8454431685
1318	0.6623787816	0.845239897
1319	0.6616095135	0.8450068225
1320	0.6631020813	0.8448536175
1321	0.6622070853	0.8446837497
1322	0.6627872347	0.8445106771
1323	0.6629787325	0.8444089266
1324	0.6634338484	0.8442722443
1325	0.663318292	0.8441374684
1326	0.6638081203	0.8440309309
1327	0.6637905254	0.8438885611
1328	0.6645916626	0.8436855562
1329	0.664460001	0.8434811757
1330	0.6645301175	0.843331341
1331	0.6648281017	0.8432057624
1332	0.6657586934	0.8430560776
1333	0.6652686171	0.8428100789
1334	0.6650401586	0.8426945635
1335	0.6650578977	0.8424362974
1336	0.6652981058	0.8422414081
1337	0.6647178867	0.8420068957
1338	0.6650504233	0.8418398949
1339	0.6648181156	0.8417142285
1340	0.6647804623	0.8415225412
1341	0.6648792245	0.8412837801
1342	0.6652470105	0.8409686516
1343	0.6650083013	0.840718517
1344	0.6654459625	0.8404840218
1345	0.6658474578	0.8402548046
1346	0.6660559053	0.8400704125
1347	0.6655686228	0.8398791005
1348	0.6654699057	0.839639181
1349	0.6654756076	0.8394515884
1350	0.6656137974	0.8392335585
1351	0.6666592627	0.839126042
1352	0.6665638445	0.8389449439
1353	0.6666356065	0.8388022138
1354	0.6669180794	0.8385419332
1355	0.6670806717	0.8383811586
1356	0.6671150415	0.8381869592
1357	0.6669629327	0.8380699821
1358	0.6672132867	0.8378504634
1359	0.6669320267	0.8376869563
1360	0.6671124259	0.837489011
1361	0.6679151961	0.837251936
1362	0.668631931	0.8371583525
1363	0.6696288093	0.8370335934
1364	0.6697030112	0.8368633241
1365	0.6696449898	0.8366957505
1366	0.6698696335	0.836540135
1367	0.6699631169	0.8363158213
1368	0.6704497313	0.836183193
1369	0.6701588592	0.8359637886
1370	0.6701114891	0.8357959149
1371	0.6704397705	0.8356326043
1372	0.6706956125	0.8354590739
1373	0.6705574185	0.8353180953
1374	0.6711143198	0.8351662607
1375	0.6714259529	0.8350770286
1376	0.6715334632	0.8349040433
1377	0.6716118509	0.8347518394
1378	0.6715038479	0.8346958819
1379	0.6712409552	0.8345443615
1380	0.671282754	0.8344141959
1381	0.6713011713	0.8341809022
1382	0.6715595818	0.8340783412
1383	0.6715411321	0.8339237482
1384	0.6718671906	0.8337564049
1385	0.6719596961	0.8336493664
1386	0.6720539224	0.8335101142
1387	0.6719226121	0.8333388378
1388	0.672455423	0.8332307823
1389	0.6727260382	0.8330343008
1390	0.6726469347	0.8329123839
1391	0.6725566162	0.8326621921
1392	0.6723367498	0.8325205631
1393	0.6724613452	0.8323319565
1394	0.6724121208	0.8321284414
1395	0.6727730612	0.8320014736
1396	0.6724537062	0.8317837422
1397	0.672118131	0.8314978703
1398	0.6728403173	0.8312623568
1399	0.6723638414	0.8310505213
1400	0.6724873995	0.8309191281
1401	0.6721708876	0.8307609831
1402	0.6724530464	0.8305175338
1403	0.6727096848	0.8303959171
1404	0.6725046483	0.8302381073
1405	0.6723658574	0.8300389975
1406	0.6724685617	0.8298303412
1407	0.6723425086	0.829778526
1408	0.6724741548	0.8296183413
1409	0.6729543735	0.8294849816
1410	0.6733731845	0.829329347
1411	0.6733296447	0.8291644328
1412	0.6736965208	0.8288718809
1413	0.6734715257	0.8287650551
1414	0.6734906515	0.8285882142
1415	0.6736707274	0.8284563777
1416	0.6737445889	0.8283061113
1417	0.6743781927	0.8280877591
1418	0.6739849197	0.8279728737
1419	0.6738197394	0.8278211048
1420	0.6740586854	0.8276972008
1421	0.6740586854	0.827600242
1422	0.6741071662	0.8274239479
1423	0.6738681565	0.8273295394
1424	0.6737926973	0.8271227459
1425	0.6733443705	0.8269476774
1426	0.6736864586	0.8268683714
1427	0.673185727	0.8266987305
1428	0.6729776817	0.8265492088
1429	0.6735383444	0.8263564857
1430	0.6735032329	0.8262598691
1431	0.6732629671	0.8261421569
1432	0.6732857339	0.8259425453
1433	0.6733292682	0.8258069204
1434	0.6735883386	0.825662388
1435	0.6735696599	0.8255560756
1436	0.6740002046	0.8254210211
1437	0.6737785183	0.8252924006
1438	0.6741044942	0.8251598916
1439	0.6735639835	0.8249466039
1440	0.6734026671	0.8248465205
1441	0.6731863406	0.8247171191
1442	0.6734639839	0.8245393361
1443	0.6730682458	0.824355953
1444	0.6731282914	0.8242349773
1445	0.6731282914	0.8241173067
1446	0.6731282914	0.8239737391
1447	0.6734227905	0.8237598913
1448	0.6734227905	0.8236063603
1449	0.6737287734	0.8234410861
1450	0.6735871987	0.8233163101
1451	0.6736699347	0.82317344
1452	0.6742896104	0.8229072754
1453	0.6746700116	0.8226846396
1454	0.6740399359	0.8225338927
1455	0.6744610696	0.8223990466
1456	0.6748415628	0.8222101845
1457	0.6747369107	0.8219884325
1458	0.6754722079	0.8217961354
1459	0.6758474511	0.8217282898
1460	0.6760125702	0.8216009686
1461	0.6758244568	0.8214808719
1462	0.675843401	0.8212859136
1463	0.6760989699	0.8211262617
1464	0.6767089543	0.8209397196
1465	0.6771193459	0.8207281561
1466	0.6772856275	0.8205303372
1467	0.677306136	0.8203491096
1468	0.6775473356	0.8202111956
1469	0.677245739	0.81999087
1470	0.6769175206	0.8198446396
1471	0.677213398	0.8196908164
1472	0.6779363799	0.8194455602
1473	0.6775889437	0.8192891047
1474	0.6775889437	0.8192204896
1475	0.677910927	0.8189718943
1476	0.6776998896	0.8188286811
1477	0.6772196156	0.8186365373
1478	0.6770929086	0.8184019388
1479	0.677038336	0.8181687814
1480	0.6767110888	0.8180656574
1481	0.6765608157	0.8179242017
1482	0.6776894802	0.8177351469
1483	0.6778130088	0.8176911036
1484	0.6778100342	0.8173584148
1485	0.678304719	0.8171719583
1486	0.6785150401	0.8170323844
1487	0.6794971569	0.8168752187
1488	0.6790044782	0.816628475
1489	0.6795624718	0.8164522851
1490	0.6796693211	0.8163580534
1491	0.6795272532	0.8161685175
1492	0.6801463143	0.8160090645
1493	0.6800486452	0.8157960924
1494	0.680385367	0.8155961189
1495	0.6804308096	0.8154753489
1496	0.680208822	0.8152863436
1497	0.680208822	0.8150986168
1498	0.6806306111	0.8149381062
1499	0.6818122647	0.8148180038
1500	0.6811678	0.8146565977
1501	0.6813277861	0.8144813563
1502	0.6826085046	0.8143202202
1503	0.6827316101	0.8140849848
1504	0.6815366167	0.8138684487
1505	0.682127124	0.8136912816
1506	0.6823689336	0.813526711
1507	0.6825842782	0.8133161409
1508	0.6827916679	0.8132424155
1509	0.6829383152	0.8131001873
1510	0.6828096909	0.8128861657
1511	0.6832683764	0.812658958
1512	0.683166778	0.8124445838
1513	0.6832167756	0.8122806409
1514	0.6833215774	0.812071177
1515	0.6836440131	0.8119009171
1516	0.683333171	0.8117012945
1517	0.6838313105	0.8115945157
1518	0.6837194314	0.8114861536
1519	0.6836611188	0.8114051747
1520	0.6837837623	0.8112072516
1521	0.6838717427	0.8110727879
1522	0.6835484066	0.8109440671
1523	0.6836022094	0.8108858899
1524	0.6834137364	0.8106944213
1525	0.6837573633	0.8105488772
1526	0.6840654886	0.8103779503
1527	0.6842116654	0.8101800592
1528	0.6847668801	0.8099634145
1529	0.6846126853	0.8098368975
1530	0.6848792883	0.8096344686
1531	0.6850563718	0.809520741
1532	0.6858469205	0.8094093768
1533	0.6857749897	0.8092407951
1534	0.6862920549	0.8090203957
1535	0.686290622	0.8088781482
1536	0.6860940993	0.8086674789
1537	0.6861728932	0.808415327
1538	0.6865769267	0.8081952131
1539	0.687054676	0.8080466004
1540	0.6868213458	0.8079076519
1541	0.6865046262	0.807773372
1542	0.6871895997	0.807590464
1543	0.6871357552	0.8074677879
1544	0.6873192299	0.8072856997
1545	0.6879022623	0.8071300599
1546	0.6874751622	0.8069587317
1547	0.6873933146	0.8067094648
1548	0.6873235643	0.8065198668
1549	0.6871561868	0.8063704779
1550	0.6869001504	0.8061533313
1551	0.6868582974	0.8060600687
1552	0.6869786297	0.8058880113
1553	0.686986278	0.8057340693
1554	0.6867259299	0.8055607504
1555	0.6868372813	0.805434604
1556	0.6871266205	0.8053076811
1557	0.6875044777	0.8051075799
1558	0.6869816083	0.8050119519
1559	0.6872406237	0.8049097442
1560	0.6873752438	0.8046846968
1561	0.6877440993	0.8045326931
1562	0.6875457633	0.8044041563
1563	0.6875474705	0.8042586941
1564	0.6879593576	0.8041829293
1565	0.6878097449	0.8041011615
1566	0.687768444	0.8039064624
1567	0.6875259607	0.8037761577
1568	0.6877856591	0.8035889132
1569	0.6886995132	0.8034072232
1570	0.6886894454	0.8032210581
1571	0.6885257009	0.8031205343
1572	0.6885714613	0.8029716289
1573	0.6882740301	0.8028053816
1574	0.6892057517	0.8026835411
1575	0.6895804087	0.8025598811
1576	0.6899001449	0.8023330262
1577	0.690038746	0.8021429116
1578	0.6899695675	0.8019764674
1579	0.6901233529	0.8017758237
1580	0.6894920475	0.8016511116
1581	0.6899572928	0.801541932
1582	0.6901026715	0.8013666301
1583	0.6900147899	0.8012106499
1584	0.6901428842	0.8011252747
1585	0.6901584167	0.8009868583
1586	0.6907115452	0.8008682671
1587	0.6906391339	0.800717791
1588	0.6906285093	0.8005586166
1589	0.6906265869	0.8004176102
1590	0.6914126725	0.8002563291
1591	0.6918068603	0.8000935685
1592	0.6920007602	0.7999500975
1593	0.691825347	0.7998295009
1594	0.6916578791	0.7995767627
1595	0.6914968696	0.7994102172
1596	0.6920435649	0.7992441962
1597	0.692225585	0.7990817688
1598	0.6926416282	0.7989244701
1599	0.6927345542	0.798802861
1600	0.6919848153	0.7986583314
1601	0.6931440022	0.7984634694
1602	0.6930848326	0.7982593034
1603	0.6933882393	0.7981649477
1604	0.6935672197	0.7980076981
1605	0.6938653833	0.7978618132
1606	0.6938653833	0.7977117696
1607	0.6933375945	0.7975695395
1608	0.6936872179	0.7974425689
1609	0.6935494202	0.7973048528
1610	0.6931011147	0.7971567662
1611	0.6934138885	0.7970263267
1612	0.6938245451	0.7969209397
1613	0.6934331219	0.7967618426
1614	0.6936048018	0.7965111447
1615	0.6938111882	0.7963717614
1616	0.6932915081	0.7962014736
1617	0.6930234466	0.7960313737
1618	0.6924552053	0.7958683132
1619	0.6924695941	0.7956900607
1620	0.6926368939	0.7955292104
1621	0.6929536138	0.7953139989
1622	0.6926770426	0.7951864633
1623	0.6930914625	0.7950107477
1624	0.6935707012	0.7948563022
1625	0.6938266099	0.7947270069
1626	0.6935311039	0.7946671558
1627	0.6936971957	0.7944817199
1628	0.6947512014	0.7943392813
1629	0.6948230707	0.7942716596
1630	0.695134243	0.7941570703
1631	0.6949307328	0.7940461987
1632	0.6954019608	0.7938728214
1633	0.6952504458	0.7936721782
1634	0.6960966496	0.7935430544
1635	0.6963035011	0.7933936907
1636	0.6966921652	0.7931940797
1637	0.6967460185	0.7930120217
1638	0.6957173828	0.7928884943
1639	0.6957763538	0.7927466887
1640	0.6958045055	0.7926992099
1641	0.6961202971	0.7925037187
1642	0.6972269598	0.7923707853
1643	0.6970938636	0.7921835737
1644	0.6972307993	0.791948058
1645	0.6968373117	0.7918652989
1646	0.6968911747	0.7917279832
1647	0.6969351823	0.791547977
1648	0.6969395065	0.7913974153
1649	0.6968317749	0.7912147075
1650	0.6966155794	0.7909538474
1651	0.696708672	0.7908323516
1652	0.6966016576	0.7906528619
1653	0.6980739417	0.7903192229
1654	0.6984787111	0.790106645
1655	0.6987876215	0.7898669532
1656	0.6990106605	0.789790441
1657	0.6990355084	0.7896076449
1658	0.699762391	0.7895002142
1659	0.6989900057	0.7893930822
1660	0.699306517	0.7893425158
1661	0.7006460965	0.7891614834
1662	0.7002932778	0.7889128787
1663	0.7001071566	0.7886976924
1664	0.6994843932	0.7885546681
1665	0.6995009622	0.7884000174
1666	0.6996364707	0.7882162045
1667	0.6998268717	0.7880390513
1668	0.7002339266	0.7878761945
1669	0.6999001477	0.7877374712
1670	0.7006883378	0.787591326
1671	0.7008404096	0.787429051
1672	0.701120142	0.7872013145
1673	0.7011003765	0.7870407198
1674	0.7019325994	0.7868828859
1675	0.7017045648	0.7867728522
1676	0.7017190297	0.7866492074
1677	0.7015910572	0.7865048179
1678	0.7016667148	0.7864422549
1679	0.7013709997	0.7862685049
1680	0.7015741642	0.7861407685
1681	0.7018211777	0.7860556196
1682	0.7015762066	0.7859658022
1683	0.701956227	0.7857505377
1684	0.7012430485	0.7855448182
1685	0.7007279076	0.7853118037
1686	0.7006390311	0.785128694
1687	0.700694697	0.7849189006
1688	0.7005807388	0.7847942161
1689	0.7005376507	0.7846016865
1690	0.7003987176	0.7844575279
1691	0.7006526813	0.7843255757
1692	0.700547572	0.7841271684
1693	0.7005634686	0.7839474703
1694	0.7006477478	0.7838257798
1695	0.7005974348	0.7836988541
1696	0.7008636621	0.7834871792
1697	0.700754122	0.783319083
1698	0.7015507949	0.7830910859
1699	0.7015418459	0.7829788477
1700	0.7026227088	0.7827992143
1701	0.7024433313	0.7827073344
1702	0.7020745367	0.7824982142
1703	0.7031462517	0.7823669346
1704	0.7029775778	0.7822083587
1705	0.7028803717	0.7820616121
1706	0.7033779461	0.7818219043
1707	0.7032016232	0.7816728575
1708	0.7029958948	0.7815341364
1709	0.7030178033	0.7814009587
1710	0.702772449	0.78125001
1711	0.7031948925	0.7811072273
1712	0.7036407167	0.7809572018
1713	0.7039024113	0.7808389777
1714	0.7043267212	0.7807709566
1715	0.7039096804	0.7806188331
1716	0.7040350681	0.7804548239
1717	0.703609606	0.7802782365
1718	0.703609606	0.7801957525
1719	0.7041908455	0.7800165641
1720	0.704385165	0.7797980495
1721	0.7044210662	0.7796868169
1722	0.7046145397	0.7795170349
1723	0.7045826445	0.7793861761
1724	0.704492077	0.7792015741
1725	0.7045866495	0.7790798741
1726	0.7042906755	0.7788774032
1727	0.7043186737	0.7786601804
1728	0.7045128079	0.7785380087
1729	0.7046074127	0.7784361768
1730	0.7046794661	0.7783412049
1731	0.7046794661	0.7782754297
1732	0.7047015612	0.7781740545
1733	0.7046062691	0.7780081094
1734	0.7046062691	0.7779384945
1735	0.7043185746	0.7778632521
1736	0.7041747685	0.7777542819
1737	0.7039698042	0.7775815233
1738	0.7044014208	0.7774589139
1739	0.7049091051	0.7772460621
1740	0.7048917315	0.7770562534
1741	0.7056391292	0.7769243239
1742	0.7056391292	0.7767697603
1743	0.7056904277	0.7765793246
1744	0.7060215461	0.7764350107
1745	0.7057693103	0.7762976216
1746	0.7063788685	0.7760551892
1747	0.7063788685	0.7759070977
1748	0.7064011508	0.7757532663
1749	0.7057739062	0.775585071
1750	0.7060261146	0.7754017535
1751	0.7060261146	0.7753429014
1752	0.7061989405	0.7751963495
1753	0.7064090031	0.7750780757
1754	0.7064526549	0.7749728741
1755	0.7073840068	0.7748158633
1756	0.707405764	0.7746163841
1757	0.7066218387	0.7744562297
1758	0.706867724	0.7743822251
1759	0.706867724	0.7742615858
1760	0.7078465645	0.7741341551
1761	0.7078514301	0.774030358
1762	0.7082054118	0.7738424234
1763	0.7085043555	0.7737110755
1764	0.708117768	0.7736172479
1765	0.7078615908	0.773458855
1766	0.7091607837	0.7732975735
1767	0.7088978062	0.7731442001
1768	0.708049423	0.7729126833
1769	0.7085272588	0.7726762633
1770	0.7089046554	0.7725508081
1771	0.7094279846	0.7723714435
1772	0.7079593505	0.772271732
1773	0.7079956467	0.7721248094
1774	0.7079956467	0.7719954792
1775	0.7078215143	0.7718967866
1776	0.7081535203	0.7717609752
1777	0.7086435241	0.7715122962
1778	0.7081901216	0.7713479795
1779	0.7081705374	0.7711659026
1780	0.709087848	0.7710577404
1781	0.7093853564	0.7709366016
1782	0.7086653054	0.770844399
1783	0.7079420155	0.7707165143
1784	0.7084281583	0.770536146
1785	0.7093754387	0.770406646
1786	0.709255249	0.7703172774
1787	0.7089623912	0.7702225815
1788	0.7091927844	0.7700575617
1789	0.7103629626	0.7698859447
1790	0.7101167569	0.7696650299
1791	0.710135081	0.7695630174
1792	0.7096560477	0.7694202544
1793	0.7097822279	0.769294906
1794	0.7097822279	0.7691589352
1795	0.7100089369	0.7690269295
1796	0.7094369792	0.7688281052
1797	0.7096581168	0.7687232399
1798	0.709428669	0.768575701
1799	0.7096253361	0.7685119563
1800	0.7103611317	0.7683887077
1801	0.7102728829	0.7681417847
1802	0.7104074325	0.7680333832
1803	0.7105105037	0.767857085
1804	0.7105738079	0.7676288392
1805	0.7102981953	0.7673926238
1806	0.7107480558	0.7671735862
1807	0.7111074761	0.7670166554
1808	0.7112317587	0.7668829548
1809	0.7110866416	0.7666884617
1810	0.7113485439	0.7665488005
1811	0.7120448716	0.7663528641
1812	0.7126862697	0.7662193409
1813	0.7121155281	0.7660784072
1814	0.7126061955	0.7659839637
1815	0.7123435712	0.7658524866
1816	0.7129965142	0.7656627577
1817	0.7136317194	0.7654881274
1818	0.7136317194	0.765434919
1819	0.713654781	0.7652883137
1820	0.7133443498	0.7651890564
1821	0.7141653353	0.7650682249
1822	0.7141841626	0.764940883
1823	0.7139139829	0.7647279385
1824	0.7138697352	0.7646021032
1825	0.7138844602	0.7644516223
1826	0.7136663614	0.7643540267
1827	0.7141557118	0.7641717938
1828	0.7150225757	0.7639678236
1829	0.7149187872	0.763799514
1830	0.7146733613	0.7636971228
1831	0.7145424196	0.7635302004
1832	0.7144179956	0.7633922608
1833	0.7140999306	0.763200581
1834	0.7140510019	0.7630739072
1835	0.7141831456	0.762935255
1836	0.7140290337	0.7628245424
1837	0.7146732152	0.7626795007
1838	0.7152664303	0.7625019442
1839	0.7151746562	0.7622934304
1840	0.7146562796	0.7621842242
1841	0.7149517187	0.7620630973
1842	0.7148184301	0.7618631285
1843	0.7151108769	0.7616667307
1844	0.7150010115	0.7615496648
1845	0.7149811056	0.7613956827
1846	0.7154544847	0.7613027382
1847	0.7150221898	0.7611155651
1848	0.7152505115	0.7610311577
1849	0.7152669498	0.760825946
1850	0.7158517323	0.7606856886
1851	0.7166005427	0.7604415441
1852	0.7160183127	0.7602787349
1853	0.7158255815	0.760131528
1854	0.7156087894	0.7600021958
1855	0.7156834732	0.7598846926
1856	0.7162805901	0.759780514
1857	0.7159321402	0.7595857622
1858	0.7153144352	0.7595373183
1859	0.7159285759	0.7593913589
1860	0.7163757091	0.7592593603
1861	0.7159792714	0.7591246906
1862	0.7166301879	0.7589560076
1863	0.7167666907	0.7587942899
1864	0.7173751104	0.7586575023
1865	0.7179535611	0.7585129494
1866	0.7177109197	0.7583747108
1867	0.7184459788	0.7582143449
1868	0.7182413548	0.7581300037
1869	0.718202867	0.7580086527
1870	0.7185505632	0.7578854197
1871	0.7191110552	0.7576860378
1872	0.718961419	0.7575621193
1873	0.718668838	0.7573980684
1874	0.7188003143	0.7572701114
1875	0.7191742455	0.7571056037
1876	0.7188636293	0.7569564494
1877	0.719559743	0.7567421979
1878	0.7193120167	0.756636424
1879	0.7193975914	0.7565294242
1880	0.7192896517	0.7564003231
1881	0.7192120203	0.7562927993
1882	0.7196250546	0.7561068525
1883	0.7197478052	0.7559590135
1884	0.7201545158	0.7557920805
1885	0.7201194819	0.7556483605
1886	0.7199778683	0.7554983889
1887	0.7208043766	0.7552947921
1888	0.7201175114	0.7551302556
1889	0.7201504138	0.7550657418
1890	0.7206739443	0.7549425738
1891	0.7205043633	0.7547873634
1892	0.7205764593	0.7545980472
1893	0.7212661116	0.7543708647
1894	0.7209427769	0.7542025604
1895	0.7209109135	0.7541240412
1896	0.7208932266	0.753972873
1897	0.7209653086	0.7539084499
1898	0.7214204156	0.7538550068
1899	0.7212829926	0.7537247394
1900	0.7218919716	0.7536046233
1901	0.7217628538	0.7534617149
1902	0.7217142855	0.753366423
1903	0.7213367844	0.7533279314
1904	0.7215136547	0.7532138684
1905	0.7217432686	0.7530989811
1906	0.7217727704	0.7529495486
1907	0.7217727704	0.7527627205
1908	0.7217727704	0.7525701471
1909	0.7221972544	0.7524782133
1910	0.7220871988	0.7523866457
1911	0.7223647704	0.7522159207
1912	0.7226014034	0.7521045939
1913	0.7227518239	0.7519310336
1914	0.7226415807	0.7517839495
1915	0.7226977772	0.7517240862
1916	0.722677887	0.7515414885
1917	0.7227801321	0.7513402303
1918	0.7229280266	0.7512395361
1919	0.7227339813	0.751069203
1920	0.722491715	0.7509912484
1921	0.7225638376	0.7508522067
1922	0.7225115321	0.750721528
1923	0.7228995205	0.7506140257
1924	0.7231218225	0.7504918998
1925	0.7225364084	0.7502754274
1926	0.723369931	0.7501681432
1927	0.7233940759	0.7500640027
1928	0.7233887739	0.7498455331
1929	0.7229862014	0.7496998299
1930	0.7232420894	0.7495242736
1931	0.7239764713	0.7494351166
1932	0.7244708011	0.749293586
1933	0.7245465466	0.7491002307
1934	0.7245991354	0.7488777872
1935	0.7243188624	0.7486918955
1936	0.7242117721	0.7485814727
1937	0.7243360473	0.7484900656
1938	0.7243036601	0.7484330891
1939	0.7247011961	0.7483106949
1940	0.72486876	0.7481474635
1941	0.7251836153	0.7480408423
1942	0.724554056	0.7479041237
1943	0.7248643949	0.747798417
1944	0.7254419564	0.7476450864
1945	0.7250581465	0.7475451446
1946	0.7248515461	0.7473847154
1947	0.7251400184	0.747215255
1948	0.7255113884	0.7469976388
1949	0.7257075704	0.7469166025
1950	0.7251773745	0.7467614484
1951	0.7251773745	0.7466225525
1952	0.7248270901	0.7464208974
1953	0.7252541509	0.7462526083
1954	0.7254999052	0.746152728
1955	0.7248278885	0.7460815674
1956	0.7252227892	0.7459193462
1957	0.724949567	0.7457908035
1958	0.7259677877	0.7455800719
1959	0.726390777	0.7453560192
1960	0.726880301	0.7451969635
1961	0.7267819611	0.7449815831
1962	0.7268360703	0.7448579138
1963	0.7268360703	0.7447716188
1964	0.7270537869	0.7446076071
1965	0.7271147499	0.7445052966
1966	0.727110631	0.7443747037
1967	0.7272370333	0.7442398106
1968	0.7271715944	0.7441729062
1969	0.727822203	0.7439351155
1970	0.7277828698	0.7437895655
1971	0.7277287487	0.7436428275
1972	0.7277828698	0.7435695444
1973	0.7268654524	0.7434051983
1974	0.7268835895	0.7433084201
1975	0.7269163848	0.7432250771
1976	0.7270151772	0.7431300652
1977	0.7274090164	0.7429432377
1978	0.7280415143	0.7427105316
1979	0.7283154167	0.7426653558
1980	0.7285702101	0.7424603913
1981	0.7285702101	0.7423300813
1982	0.7289287222	0.7421571279
1983	0.7281510126	0.7420419554
1984	0.728880954	0.7418992651
1985	0.7290292724	0.7416772485
1986	0.7296542792	0.7415059961
1987	0.7299971498	0.741349901
1988	0.7306896659	0.7411412995
1989	0.7302513493	0.74103759
1990	0.7310608554	0.7408771199
1991	0.7306610834	0.7407663858
1992	0.7309541427	0.7405949665
1993	0.7305930131	0.7404181595
1994	0.7304137504	0.740295605
1995	0.7296672607	0.7401734664
1996	0.7298980853	0.7400615707
1997	0.7295759745	0.7399115779
1998	0.7295467089	0.7398442284
1999	0.72992301	0.7396649811
