PetID,AdoptionSpeed,fold
d3b4f29f8,2,3
e9dc82251,2,3
8111f6d4a,2,2
693a90fda,2,4
9d08c85ef,2,3
45af03266,4,2
01a07b591,1,3
10e723583,3,0
324266c95,2,2
b6fbfa344,2,1
8df0bb3b3,3,1
a05e81f9f,4,1
311479c63,1,3
11aa441fe,3,3
25fc96414,3,3
a6783a1c6,4,3
05aaee8ce,1,2
1d3dd0cb8,4,0
f20fa5c38,2,4
b8bc0c25c,4,2
8f45b9967,1,1
b7f7e01c6,3,3
f41a7de83,4,4
e7e2eca9e,4,4
f2f8667a2,2,2
54b687d7c,2,4
6438c6b3f,4,3
831505752,2,0
106128c56,3,1
c8f5f9120,1,1
671ffc570,3,4
279ca5034,3,1
f653550ac,4,0
9dae4e297,2,1
5925cf3fa,2,3
066498aa1,3,1
568a5ab51,4,3
a65853183,2,2
3da55a076,1,2
48f20f515,2,4
fe3d33ae1,2,0
850a43f90,2,0
113204c87,4,3
a8f43bea5,2,0
13296aae7,4,1
c59fe4bcd,2,1
abf1716a9,3,0
9718baba0,2,0
39ba962ef,2,2
34edfc9d5,4,1
6220663ba,4,2
4501c8125,1,1
b138f5cc9,3,4
dbfb1869f,4,3
dbcf45977,4,4
3b1391dda,4,0
006610fe3,4,2
1020c8f00,2,3
dc1d76def,1,2
6134ae21d,3,4
0f1424059,1,1
befafd8d3,4,1
482d05dc8,1,4
7b0d325d8,3,4
373f757c7,2,2
e1c40a1eb,4,3
9f2dd031a,4,2
1c1bb3cd4,4,1
9a719040f,2,4
3af1dedf7,4,4
b7006ed96,3,4
9ebf6e448,1,4
21d8f0d2f,4,2
9e172ab13,1,3
261fc97ec,1,4
ef2ee6e9b,4,3
a9bfec3ba,4,0
3e463e29e,2,0
f5e35ea02,4,2
f4ab04385,1,1
49aaa4f94,4,4
898476994,4,4
b19556858,2,4
6d994c50c,2,0
6a3ff7445,4,0
5e6de643b,2,0
cf020a716,4,2
5c92de3f6,3,2
5297d9ba8,2,4
89a41673f,1,3
d965d6f3a,4,3
0db65104a,2,4
25c48e7ff,4,3
685cbaf7f,1,0
c93191313,2,1
1c411730a,2,2
ca7075738,2,0
b2676e6b1,4,0
301a245e6,2,1
94afcd90c,3,4
1ed55129a,1,3
4175a27e1,4,0
0aa767c04,4,1
859b2a95b,3,3
6cbbe5cd9,4,2
f928a7e7f,4,1
28bafb2ee,2,2
7667378df,4,1
da7895cbd,2,0
e08649ba2,4,1
117a7da85,4,3
158a55025,3,2
018e4d193,4,2
b4fb9949b,1,2
f5cb16efb,4,2
199277f1a,4,0
9f9bfa4d9,4,3
8ecb9aab0,2,3
be5595abb,2,0
24dbfaf39,2,2
43021e4ed,2,3
7374edef0,2,4
2fcbb6376,4,1
a9c968c38,4,2
2d8db1c19,4,4
d03356a0e,4,4
9dfd5312c,3,3
96d7ed5de,4,0
3d011c364,4,4
74cd0ff66,3,4
24bbd04ce,1,4
1117a135d,4,4
69975d223,4,0
2ad6c7675,3,1
f2472c8dd,2,2
a22daaa5f,3,0
1246bed4f,4,2
f680cd37a,4,2
6185f59bf,4,2
128b247b8,3,3
3161fe0f4,3,2
0133b2a29,2,4
8b636912d,2,4
b833f9624,3,3
34090e9d6,3,3
c7eac7b01,2,0
e6335f2ee,3,1
7e250a5f1,3,3
480f33a74,2,0
454aa9e20,2,3
157e3e074,2,1
dbaacc7e8,4,4
251bace70,3,0
c0b3f2081,4,3
0af685a60,2,1
01f4746ef,1,1
bb9a64e6f,2,1
8d0f353e2,3,3
f247a5242,2,2
49d4a0adf,4,1
7e3c6f81d,3,2
9c680abbe,2,1
67c9d22df,1,3
0090eb457,4,0
0b6064845,4,0
1f6fe20fc,3,0
2cde24ccc,4,3
c222a4955,4,1
65470d9c0,1,3
c00b7ba5d,4,4
683f1dfd8,4,1
8813e5e4d,4,3
10e26690b,3,3
b6f1e40a5,3,2
7b052d37d,3,2
5dc7d3dc7,3,2
c7c99d389,3,3
d2f216860,4,2
d605cb217,4,0
9d4e91ab0,4,1
9942bce62,4,2
e0667be3b,2,4
c0ca6dd73,2,2
4fcd7cfe0,2,3
9625d0998,3,2
8773f250c,2,1
b2876d101,4,0
8988d22a5,4,1
cbf20c4b0,4,3
89e43a001,1,0
085c9be4a,2,2
e50570999,3,0
8a464e436,4,4
da8d56dff,4,1
e08e93f16,4,1
db23b96cb,2,1
bb78d1aa5,3,4
29aa0b74b,4,2
7395053bc,4,4
7413a61ae,4,4
9abb10f2f,1,4
58e2cf3d9,2,3
a0cc9df12,2,2
ba4f42314,4,0
f829fad2b,1,4
df0a5e6c5,3,1
3c30c4a49,4,4
5181f9924,4,0
97c13bdf2,4,4
fa1badbb7,1,2
d29d34cfe,1,1
abc69ab7f,3,3
4fc9dee58,4,3
6668ff629,4,0
a4ade8bb2,1,4
f9d566df8,2,2
8b85a3893,3,0
7e3d0e3f0,3,0
9f4a72311,3,2
f15a31a01,4,1
c1f738966,2,0
66064ba80,2,1
392cb224a,3,3
f205876aa,2,4
3740bcc5d,2,2
ba392c802,3,2
6b685abae,3,1
8b8489a24,2,3
6c5b48801,1,4
28dc83755,1,4
45fd43894,4,4
160dcaec8,2,2
0c200f7a6,4,3
3d9784a88,2,3
eff316e87,4,1
5ffd4e822,2,2
83703d7e0,4,0
84c1afe03,4,2
b912b1114,2,2
14e52bdaf,4,3
9cf32e2a6,4,3
1377d2c0e,2,4
b859b9fa0,2,4
843738a2a,4,4
c8d2ed523,4,2
6d5afdb0f,4,4
2d06250ab,4,4
823d5bd7e,2,2
fed799a78,4,4
4a56df934,3,2
85094deda,4,2
4a0d03a9f,4,1
f506d3fd2,4,0
bc4e5abfd,2,1
e7b3f752a,2,3
c20aa0352,4,1
655eaa578,2,2
21178f3b0,2,0
d18d572dd,2,0
002278114,1,2
62f87187d,1,3
930dcdef6,2,3
2f346ac72,4,4
88bc9864c,4,3
ae64cc2e7,4,1
cfc3e65de,1,0
69d95bc54,2,4
aef2fa931,3,3
0cf709a59,3,4
375a0eb3c,4,2
1d79d37b3,3,1
e15b26ed8,2,3
bddd63050,2,4
5bb4cc5d3,2,4
b96d69dc8,2,3
e28bad751,4,3
b188b50cd,3,1
f8619af42,4,3
4d20f6163,4,0
1fe561ed9,1,3
798ff640c,4,0
938bcb826,1,4
85587ad13,4,4
f5dc70d35,4,0
b2f21fe63,2,4
091a5da01,4,3
7d2fe6bb6,4,4
bd2f5699b,2,3
3ad53090d,4,0
207d61997,1,4
924373704,3,1
e0d18f038,4,0
1b1a68a60,2,2
a80687cf1,4,3
8660ad37b,3,4
23b3f793e,4,1
a3d4585c2,3,4
bf2f87f17,4,1
d19f035bc,4,3
2a6bb49f5,4,3
4574e3de4,3,3
cccd16111,4,4
18553e89b,3,2
2256216b1,4,4
53037f091,4,4
10836809d,2,2
a906ff5f5,4,4
331c0bbf3,4,1
03f0fc32f,4,3
49f3710f9,4,3
f6c3b531d,1,3
e8e461026,2,1
a39ad6dc7,2,2
b09fa9385,3,1
8cb067b2f,3,3
d52f229d1,1,0
849ce39d4,4,1
541400630,4,4
919820452,4,0
302eb3771,3,1
c9cab5e67,1,1
d8e7caaff,4,2
66faa15c8,2,1
7cfb6fe9c,1,0
01928bd13,1,4
4f66fa0c3,4,0
b5295b0e2,1,3
92f84c5b7,3,1
58e24d608,3,1
ec40d007f,3,4
225f72952,2,4
2259cf6f8,3,2
fab063ed4,2,3
48317c9e5,3,0
846ca7805,4,2
c3106dcd5,1,2
eb64e3d68,2,3
d899c9ef7,4,3
bce0e17b9,2,1
fc3fbbb99,4,3
0adebbf21,4,2
8cce291a9,4,4
ff4d9a3c6,2,1
0497c5ed8,4,2
105c28771,4,3
5afa2e561,4,2
d5c4ef4c0,3,4
50fc25dbe,3,2
f7999c9bf,2,3
7a3471df7,2,2
e129ff4a1,2,0
b00e4262e,2,3
4f45bb293,2,4
776354931,4,2
aa2a3d9c7,2,1
e1d86f0b6,2,2
ebcdfedd2,4,4
a554dbeca,2,3
4f7bfcb68,4,2
cdd815db9,4,4
3f5f5782f,4,0
b549fd8be,4,0
47dda9537,4,3
f895c20f3,2,4
a963a6979,4,3
70112a1b9,2,1
363e8df66,4,1
f0137d4e3,2,1
ddd7cc601,1,0
04f8947f3,2,2
16eefbec7,4,4
e54ee8e55,2,3
001b1507c,1,1
42dd3f3ff,1,4
a6e7b6870,4,0
6fc1c066e,4,1
eea30b615,4,0
88666f74e,2,3
09e39377f,4,0
69a1b02f6,1,4
00f3a3993,2,2
111748c15,2,4
faec94482,3,1
a89005005,2,0
90bc90da2,1,0
c42cf01ba,2,2
10bbe5ea4,4,3
6d7e560d9,1,3
9572f7e6b,3,0
7959e3491,2,3
58805776d,4,4
9fdb3a2a2,2,3
1c7d56a42,4,0
5027f31e5,4,3
8ced67d36,4,2
cf9bc2dc8,4,0
a79983c71,2,3
15f89f939,2,3
61f95d269,1,3
1bb0600a7,3,0
8019d0c63,4,0
40d7cb083,1,1
188f8b07e,4,2
ec7ebdb47,2,1
da8cfd914,2,1
2398599fc,4,2
63a1fb887,1,2
81da09ea9,2,1
360dcecb1,1,0
2027f2dfd,2,0
ea4fe7ae2,4,3
b3543dda3,2,4
9e2a19b16,4,3
0a14ac037,2,1
f4cf82def,1,2
4ad400ba0,4,1
752b2d9c5,1,0
73b5c37dd,4,1
cd81fa60a,4,2
c362cc3cd,1,1
270461683,4,2
a6bc8d1a6,4,2
94d65e361,4,4
28e14ee81,2,3
e4e128c70,4,2
7b25498d6,3,4
9296c9064,3,0
b129e668c,3,0
9ee7776db,2,0
c0a4d02cc,2,3
4040a04bb,2,2
0fb548aac,2,4
3697f94e1,4,4
b586e1ea4,4,3
00a1f270a,4,0
3eaa698d3,4,2
f86c83084,2,0
1c9a90078,3,2
9fab4e65f,2,2
e128e9022,2,2
b43155295,4,1
6c1fa0fdb,4,1
71eac2c5e,4,0
6b3614a92,4,3
b24b7d23e,4,1
45afc38e4,3,1
886debfe8,4,2
511b4a044,3,4
c0fe34d97,3,3
fc7f7797c,2,4
0b942f000,4,0
d042e55ce,4,0
6cb63297c,2,3
e4efae0f1,4,0
bdffad31f,1,1
ce0294cec,3,2
ffbc3eaaf,4,0
b165fe8b1,4,3
4a02b467d,1,4
1c7619fdc,3,0
2da9b0c2c,1,4
16e922149,4,2
c1917c88e,1,4
f3082fa97,1,2
132a28bc9,2,1
b9dd5cfcf,3,1
39ef18e70,2,4
7b1c82382,1,0
b8fda5b3b,4,2
8834ac7da,4,2
7caa6d216,4,3
c552e255a,1,0
e748f52b7,2,3
c53fb8a18,2,0
428877021,2,0
c3e1f5f86,3,2
9ac089108,4,2
a0490612e,1,1
660cd67ed,4,1
ea02306b2,2,3
f8213a645,1,1
ef4059fae,3,4
9e6d5d0df,4,2
3f2a40f0a,4,4
20e4dbf48,4,2
5b72e14bf,3,2
9c6fdbcb4,4,4
fe481f81c,4,4
dc76a1735,4,4
fc93d7cc9,4,3
27eedd440,4,0
802b1f331,3,0
21ae91701,4,0
4a8caef08,4,3
bdfe6125d,4,2
417c109aa,2,0
865619d53,3,3
4168bfd52,3,1
b02fcb74b,2,0
5ddfaab43,1,1
87fadb3df,4,2
3f3e1f288,3,1
6ac437438,2,1
b8f94e1ff,1,2
5c1fa6bd2,4,1
bf537cdb3,4,0
eb8baed62,2,3
01231c438,2,0
5bb802fa1,4,2
30f92e1ab,4,1
2ab616a68,1,4
10554e146,2,1
59b6102ba,2,4
f7b533990,4,3
e31e27ce7,3,2
a3a0fa212,4,4
5eee1e783,3,2
2bf834f39,2,1
fe2cc3feb,2,3
1499fbe78,1,4
c3deb0697,4,1
bde802b84,4,1
bbf3097d0,1,2
bed675184,2,1
62d911513,1,2
c19e8ac4d,3,3
19cf5ba9d,3,0
d4d84523a,1,2
0ba16b529,4,1
6d1e4b433,4,3
8445b97aa,1,3
854edf08f,2,3
0f6488260,2,3
514319114,4,3
6c399cb06,1,2
ccd3e236f,3,0
3afb76273,4,1
53a451386,1,4
a9bc357f0,4,3
4347c35e5,1,4
bd74f5ce8,4,2
52ec30101,4,2
e2fbb0332,1,0
8d25867cb,1,0
9aa0e02ef,4,4
10eaafcd9,4,1
ed390241b,1,1
e69df38b4,1,3
bb2cbdb23,4,0
6c17339fe,4,1
f1b4a123f,3,3
81ecf4cda,1,2
1c0aa9866,1,0
d3ef2ebef,3,2
ab4407477,4,0
211b0aa56,2,0
c1a9d98fb,2,4
2ca38a180,4,1
af4483325,1,2
2fe1eb7b8,4,4
4c9f111f1,4,3
a7554fc9e,1,1
ac49bdbdd,2,4
168f1c6e9,4,2
1945e2783,1,0
88a5b8318,4,1
2148c2ef6,4,2
1e0be9e49,4,2
a2ee6f2da,1,4
afdc5f01d,4,4
5548fa6f4,2,4
52ffdc6c2,4,2
cc607ef5c,4,2
55c827f51,3,4
f810c2cae,2,4
6366b7f4a,1,2
a79e1889c,4,1
3d13aab91,2,0
0bcb2c2b5,3,4
1238ed024,3,0
49f6a8909,4,0
ce18c7a4b,2,0
cc4670dac,4,0
13264f4f4,3,1
dbba10f87,4,0
fe056693f,4,2
4140b3b5a,3,1
5730742ae,1,0
b932b3915,2,1
4ff447944,4,0
d0b9282c8,2,4
e297b5ede,2,4
1c67c5f4c,1,4
d5ee02201,2,0
166092e21,1,0
36e02d379,4,1
07877aea7,2,4
619dcb4e6,4,0
edba94b45,4,2
0f4291ce6,3,4
c32940f0f,2,4
b0f2a1939,2,2
97a80f8b3,4,1
467faacc0,4,0
cd1e7ec9d,1,3
54224dada,4,2
90e582b0c,2,1
e5e06c8dd,2,2
08fb442fa,4,1
b652b7241,4,1
4325e9930,2,3
7f33563b9,1,4
8cc02d983,3,4
df6f884c0,2,0
07914c759,4,2
e2db9e1eb,3,3
b9f90bdfe,3,2
7559336dc,4,4
9550556bf,4,3
c36943627,3,1
6029e0ed0,4,0
4bdc7be69,1,1
9c76163ca,4,0
955e7c5cf,4,2
11543e9ce,2,3
9a591a8d9,3,3
f8204bf7c,4,3
4df43033d,4,2
db745332f,4,2
7d3dd49c5,4,2
775d4b52e,4,1
a8f2a5210,4,0
2def0a43e,4,0
da34209ec,2,0
282678629,4,4
04bad9310,1,4
34d5748f7,2,4
e0dc745da,2,4
ee0eff05e,2,1
7cbad35f9,1,2
ff832cb7e,4,1
b52b8d946,4,4
072bb91b4,3,2
9295d02bd,2,0
73066f6ff,3,0
5daea1779,3,0
29fd25bc8,2,2
70aeba909,3,2
5e6a7ea61,4,4
bb2c896c5,2,2
eba013abc,4,4
7023f6b45,3,1
060d1de98,4,3
b49012dd4,2,2
f4ed1a08e,4,0
0e12b9baa,4,1
fb9833d4b,4,3
a63f6c6a1,3,0
7bead49ed,4,0
acd81a109,3,2
628a224b2,4,4
d61dd6a6b,4,4
b0ad07cfc,3,1
017d966eb,2,2
7b84a3913,1,2
c763886a6,2,4
9d4f21d40,2,3
f288b4919,3,3
81fddeac7,1,1
769d800fa,2,1
e1c5d6ba9,4,4
8f38dbd18,2,1
7a7f8a828,1,0
beea1e1dd,4,1
cf357f057,4,3
fee0b4da6,1,2
809ca8efd,3,1
a996f1370,2,2
9804a7d82,1,4
ae58f28bc,2,0
c9c023b3e,4,4
5f1a700fd,3,3
bf9fe33d0,4,3
47caf7ad1,4,3
d1a11cf42,2,4
248c027cb,3,1
ac6adc2e4,2,2
983879402,2,2
cbfaa79cb,4,4
7811bdd84,2,4
042dfb970,2,2
7494b6aa9,3,4
ce9d5fb9f,1,2
03c49f5aa,1,2
423c5b45f,3,4
2260ef0a0,4,0
05d8b5a9d,2,1
7ecd54695,4,3
9726ab93e,4,0
bd331b74e,2,0
5e7db4c54,1,4
ab0bb2f5a,4,4
a61776aba,4,0
1b7d01262,1,4
a76fa694e,4,2
79a9a7b05,2,1
1a1283447,2,4
85332d295,1,3
b2a23ac85,4,0
2ef8bed36,2,4
0910c13a3,4,3
949fbd095,4,1
2d7a45689,1,4
9427b3749,1,2
ccb7df174,2,0
68e6f19f5,2,4
e5164d828,3,1
a56d6eceb,2,4
577c72b39,2,1
b1be2a9e8,4,0
2e65d72c2,2,0
b06c1ad30,4,4
5ed271e0d,4,2
eb4c66e7a,3,3
6648175ff,4,3
ab4b4681b,4,4
bfcbca117,3,2
41ee53918,2,2
d1a67cee6,3,0
3e26edfa8,3,3
3af14a63c,3,4
6198e214e,2,3
43b6e3f2a,2,0
bf1762a3a,4,3
e1dcf0e9e,1,0
2dea0707b,4,0
9d0406864,2,3
6333963fe,4,4
4d101a0c3,2,1
d3b017517,3,0
504e4ec84,1,0
96477b249,4,4
b822d0566,3,3
0850d4334,4,1
b543331f4,4,1
c0b1f82b1,4,4
e13488562,4,0
25079d00a,4,3
46b9595d0,4,0
13e385580,2,1
ae3a99b36,3,3
523aeba08,1,3
982c6aa5b,1,2
133a0db2c,3,2
160e267f4,2,4
48cd2ebaa,3,3
26cd1c2ee,3,4
2b1582f99,4,0
9a0db11a9,3,1
48dd9f35f,4,0
694cc5569,3,1
1effd827e,2,4
10337747f,2,4
370d9c1ba,4,1
4a6fea502,2,0
42ea4ccd8,2,4
796cc971d,4,0
ec0fd1a7e,2,1
a09008d49,4,2
5f9a836f8,4,4
c3f2f166d,4,3
35b9530a6,4,2
3a7d3c17e,4,2
9252b5dc8,4,2
ff2cf88a0,4,4
f4060848e,1,4
392caeaed,4,1
09f31b13e,4,3
51d815775,1,1
1eb8a0278,1,0
ffd506899,1,0
fb999f812,1,4
343962804,4,4
3c1cc2c24,3,4
57f2482cc,4,3
a6416e28a,2,0
b28de653f,4,3
213cf987d,2,2
b42873eb7,4,0
983160271,2,3
846e720dc,4,2
412b8d565,3,2
28b64c198,4,4
2af9db4dc,4,3
8d6f10684,2,0
1683f03de,2,1
53549acd2,4,2
a809464ca,4,1
c69315120,4,2
a678a4342,3,2
5c2fdb3cd,2,1
9e935b385,1,4
55b799287,4,3
8e3473e81,1,3
61fa73996,4,3
43c8e589d,2,4
dd0d78496,4,2
727a1c793,4,3
6c9e1c82f,2,4
14bbc5876,4,0
0a0e8c15b,4,0
1a4a2e683,1,1
c3eefdcd8,3,4
973dddde5,1,2
a119ce67e,2,4
d840b5a02,2,1
11757c072,2,4
787086e9d,4,4
91bcb5a0a,2,3
e90451ea4,1,1
1803e4c27,4,3
5e5d1fc6d,2,0
672cc8af8,2,2
6c324e80a,3,3
1a54d4e92,3,0
fcc138c39,4,0
0c0508818,4,3
29778124f,4,1
f4c27e753,4,3
4464fa621,2,4
4a1274da0,1,1
3d1d0f102,2,0
fe22cc3da,4,4
e8c9545c7,4,0
1c8a8385e,4,4
eb3b2ad1f,3,3
0cc3e27b5,2,3
a16f85c6f,3,4
6460390c0,4,2
b78b30c18,3,1
8a6f0c997,2,3
e995db95f,3,1
e4afff6dd,4,4
82c90e313,3,2
964b2fec4,3,2
fd717a456,4,1
bdc94bd91,3,0
89792afe0,4,0
7439df9c4,4,3
afab70239,4,1
269192694,2,4
5d83f98eb,2,3
1dc24448c,4,3
530b7bcec,4,3
6a763a055,3,3
a528683b3,4,3
87f206cea,1,1
d7dc2efde,2,2
062f73a4b,3,3
f0788c412,4,1
2986194f1,4,4
48dd04601,3,3
082b9a2de,4,1
47ecc7ef4,1,4
53eda13e6,2,1
642ed14e6,1,4
a630f3a73,2,4
d77a6813d,2,0
429019089,4,4
be38039cc,3,0
b06d39b09,4,1
647284f19,4,4
fd6dd3835,1,0
799ea79a2,2,4
8cebbeec1,4,0
05492e461,2,1
41b98eea2,2,0
f11772123,4,2
8da3d6fc5,1,0
e914bdd82,1,1
b0dec8779,3,1
06f523361,1,4
24aaed171,1,3
5f20dde82,1,3
1d4adbcc2,3,1
5149bb7f8,2,0
a91761e54,4,0
437b01de4,4,1
b27f46ae3,3,1
ec8411943,3,0
df356def7,1,2
cd3cd5fcc,2,3
a6992bbc5,1,1
774289137,2,3
ea159d8da,4,0
404eab70f,2,4
9ea3739e8,2,2
419d296e7,3,2
5adb4e661,3,2
007bc1db4,4,4
93f758039,3,1
fb5ef5522,4,3
d4bdcd89c,2,3
6c896760b,1,0
976cd59b0,4,3
2599e55c5,4,3
6a48f776b,3,4
dbd4f79ef,4,0
acb614bba,2,2
373880ef5,2,1
3983e7c06,2,2
fa41fb473,2,3
41bbdb352,2,0
0fb490c9b,1,0
8685546cb,4,0
fbcadae16,2,4
879c40dfa,1,1
ba20d5a08,4,1
8a1e12a30,4,0
a68361fdb,2,0
007ffeccd,2,0
c58ad77c4,4,1
61338b2e9,4,3
91c2159dd,4,1
7711871ae,1,3
1a47d1c94,4,2
78a8e1b01,4,2
b2937acb6,4,0
d8715d47e,4,2
2023404f9,4,2
378406cf4,4,0
33add94a0,1,2
11ad894e6,2,4
12c4ed873,1,2
ed7cde89e,4,3
0e8c2a1aa,3,1
0a38a1059,4,4
f0b2787f5,4,3
29a08292f,2,1
8f0468771,4,0
dc371c173,3,4
0b8e1dd80,4,4
1100bff90,4,1
54c5d6442,1,2
74c7373bd,4,2
8a9a4edd7,2,1
623138a05,1,2
1ffe668f9,4,0
400cbe759,2,4
077001793,3,1
dfa8ac290,4,0
119903786,3,0
87639ef4c,2,3
7131cab79,2,3
e4277c6de,3,3
402799b02,3,2
e98e609ac,2,3
e24b153bb,3,0
d0b98e001,1,0
86d203b94,3,4
d7a050445,1,1
cc515ec8c,2,1
a462b563c,2,3
132346d7e,4,1
de1f49c9d,3,1
7564c7b62,4,0
f93fe66ef,1,4
3397adec3,4,3
a81084ff0,2,1
2d88536fc,4,4
03a92a94f,2,1
a7b91a377,4,3
fc2012c7e,1,0
9468e2ed1,1,1
b88fa24c2,4,2
ae4e546cb,1,1
a0e71d03a,4,3
f77be41c3,2,3
628fd5227,4,4
868dcd617,2,0
85114144b,2,2
5b22f97b3,3,4
0308c9eda,4,0
68f3cfdcb,2,0
d01112d4a,4,2
94af242ed,4,3
173fa657f,2,2
8cee52ff2,4,0
ec780b913,2,0
72d77924a,4,1
04c4a7493,2,3
1b932e373,1,4
af8138fea,4,2
2c46efe8f,4,0
bf90589d1,4,0
5597af31b,4,3
28ec2de89,2,2
09a41530d,2,1
34f6111bf,2,1
c7e61f3c2,3,2
a366ce2a5,4,2
07cf7d230,1,1
400a15912,3,0
03f48e12b,1,2
b8d07c37b,2,0
25a834a2e,1,2
2caa6639a,1,4
0dfd484a6,4,2
5a4b92653,2,4
0a84451ae,4,1
acc76c678,4,1
98686f3bc,4,2
bc681e945,2,0
c7c6fc160,4,4
86c35033b,2,0
966598774,4,3
058394848,2,0
5b59ef7ee,4,0
0e9a2fed4,2,1
426132585,1,4
531e56f63,4,3
db2d1ccaf,4,0
ff498c903,4,0
8cd149470,2,4
63ddd39f4,4,0
d5a027e6c,2,3
a05c489dc,3,2
0658597c9,1,4
fce9a96ce,4,1
7678afa65,4,3
1976719f7,1,0
ea4cea375,4,2
036c684d3,2,1
3c0ca0676,1,4
ee6601d0b,4,3
e2f5253f7,4,4
858854bb5,4,0
59a23bac0,4,4
a25a5ad9e,2,4
5e8f72190,4,3
23eddf1d8,4,0
1eb9e42bd,4,0
2ea25b63b,4,2
637186543,4,0
360f2c8b9,2,2
2e553e40a,2,1
cad137e83,2,2
b8084fe32,2,3
67c74483f,2,1
a6231927c,3,2
d92c326f8,2,4
073f265c3,1,3
747359fcb,3,3
dcf2641f2,3,3
70a33ed88,1,2
975cf510c,4,0
c8a6c0351,2,4
6a8f9aa52,2,4
08f54d056,2,0
a04c35bc6,1,2
0cb5ad250,1,1
d1a577692,4,0
93cdb10e6,4,0
0d7d16ce1,1,4
05bde54cc,2,2
59f987236,1,1
3e65ffa3c,3,3
802986a45,4,3
3dd380ccb,2,2
3033b66f9,2,4
e01bb78f2,4,2
064217ca4,4,3
eb900ff8a,3,3
fd48a560c,3,1
c0771fde0,1,3
f399cf0d2,3,4
af1035c81,3,4
39816161d,2,0
45a59c4e9,3,3
35c9855f5,2,2
59c9f850a,4,0
efb2cb92c,4,0
189a8292b,4,4
cd617c72c,2,1
f05665d6d,2,0
5906e36c5,1,0
f026fa4b5,3,4
f41112ee1,2,0
cb15b5fb8,2,2
799aad68b,2,0
fbb112b7e,3,3
4fb9fc3d1,2,1
c39c602a7,1,0
65650b974,2,3
d06076338,2,0
603fa62e1,2,0
80bbb481b,1,3
6dd91ba4d,1,3
7f8f45a35,2,1
890e7be2b,4,2
40fdde0aa,4,1
45c718348,3,0
41c09806e,4,2
d433a5827,2,3
f48b3cebb,4,4
91736f444,2,1
559e15485,1,1
a878a916e,2,3
59e7b5f52,2,3
271712276,1,1
a4ebfdf22,1,0
5a3599411,4,1
96b39751e,2,0
4409a68b9,2,2
10a6c97d5,2,3
ebdf19959,4,3
0058586f1,4,0
5da6b63bc,4,1
d2dd7e8c2,4,2
9ae0545c1,4,2
006d301e9,3,2
722beb3aa,4,0
0ac2e7d16,1,2
0c49c9df2,4,0
047514286,4,1
469bd2504,2,3
4e290a43a,1,0
89dd8e9e9,1,1
5742d498f,4,2
b47ab81c9,3,0
81d97fa9f,3,2
411792ceb,4,1
d60dbdd7a,3,4
8c7949266,2,4
2e4eb9198,2,0
16ff0c687,2,2
a22c43e29,4,2
b1239feb4,2,1
5943167f1,2,1
0133b0214,4,4
0eaa0e3c6,1,4
727b7e63a,3,4
8390dbef8,4,1
f45171393,4,4
6d2c3b550,2,1
f87c02978,1,4
6268d4d68,3,4
ee9c2fd46,4,0
1250404cf,4,2
89c7be602,4,3
b8f60eb7e,4,0
0e23c4abd,2,1
1ce37d745,4,2
61c5987cd,1,3
0ea337520,4,0
a9caf7e92,4,0
aa1cf9c0c,4,0
fa773690e,2,4
6b240dd0b,4,2
8fa705c07,1,0
8c93a6e28,2,4
603e173e1,4,2
8ad59da0e,4,1
aece30836,2,0
9ede28a9d,4,3
96e9f6fd8,3,2
943bcd4db,4,2
ca11826f9,4,4
f8fb0aa55,2,1
0e9eec98f,2,3
b48460ef7,3,4
d8d014d03,4,4
f57a5c0ea,1,0
85c65d28b,1,3
843f45598,2,1
21f945788,3,2
b91ac808b,4,0
b7910b841,2,0
1e34e1ebe,4,2
5042c6414,3,4
81b753aaa,4,3
2ddad75c0,3,4
b6a16ab86,4,1
27cd530db,4,2
9c443e54d,4,2
d919bd302,4,4
2d33077f2,4,0
e9df3ead7,4,3
1bb6183eb,1,2
0118db3a8,4,0
1eeb50e8f,4,1
b8bf2c090,4,3
9a1715a97,2,4
207c30391,4,2
b75c41dd5,4,2
4b9f45715,3,0
cacbb858d,4,0
c1ed7562f,4,1
ebb34fea1,4,4
6ade0f2fe,4,0
f99149151,2,4
ed44605a0,2,1
31da37bc0,4,3
91298d5cf,4,1
8a99dadaf,3,0
bd4500e6c,2,1
fd279ad95,2,1
7bf8a38ee,4,1
e6821c448,2,4
cd091f4cf,2,2
598479067,2,2
296bafb6e,3,3
11b9089f7,4,4
3a4178fe9,4,0
1b71de34e,4,0
052160ae6,1,1
dcd75bfdb,4,0
26662f4f9,3,2
1e24f14d6,4,0
747125bc9,2,2
3f936cb8a,2,1
3e2c46391,3,0
ba6ea2d18,2,4
edf80e3cc,4,3
851302ab1,4,0
27104e464,4,1
7f5233804,2,4
cbd066eaf,2,0
194acc3f9,2,4
ed5f14fda,4,4
26e7f93e8,3,4
b1db8335c,4,2
4badb22cb,1,3
c18106b39,4,1
ec138f2a8,4,4
261cbe336,2,1
c3750cec1,4,4
f642366b6,1,2
b3c2305b0,1,3
a52a7c357,1,0
19470706b,4,0
c6de9b701,4,0
c011bc363,1,4
1f9b856e0,4,2
baf60f1bb,4,4
9eb042155,1,0
7dac377c6,4,4
dd074b8ba,2,1
19f4d65b7,4,0
5457a593a,4,0
578880eb3,3,3
30669fef4,2,3
8526200d3,3,1
9f12dbf17,4,1
27a776558,2,3
c626f2f93,2,1
e11e6cf89,4,4
d38fca349,3,4
e362e64bb,3,2
b93a2c373,4,1
785413d29,2,2
bb9e47b4a,2,1
400b56d39,4,4
4ea111bbe,2,0
3f222f11f,4,1
b13db9ce8,1,2
52ed9719f,3,4
3ff23c65c,4,3
c5b717bc2,3,1
f0a1f2b90,4,2
cd8af1bda,2,0
ab13611c9,4,3
f1164babb,4,1
16dc1188b,4,1
4195e3052,4,2
2dccbfd25,4,0
4d649e887,2,0
07227963b,2,4
62955be50,4,0
ae16e308d,2,2
2302acf06,3,4
cdab9b66a,4,3
1b4224c51,1,3
515d9508a,3,0
24750a30f,4,0
2ba66d1e1,2,4
ea6129e3d,2,1
302d37427,1,3
d70af36fd,4,2
03b0568b3,3,3
c49629a90,2,2
8cc2eea7f,1,1
d85a78cf9,4,0
847a8b31d,4,4
7316c548e,4,2
a41b62aa8,3,0
55f34f8f5,2,3
6ae5689d3,2,2
df07fa1b0,2,4
baf49463a,3,4
84efe95e8,4,4
b780980c1,3,4
a970b89c7,1,3
8d650d311,3,4
512bf1e8a,2,0
941880ea3,2,2
555e742f9,3,1
97b9ee40b,4,1
5b1e90385,4,1
7c4b2e0c0,2,2
ca0bf0760,3,2
ab38d2296,4,2
4c5dd1f7c,2,2
7b9cd9253,4,2
de59f42db,2,4
eb77432cd,4,1
0be5af159,2,3
f94c2a347,4,1
d7c6e0401,4,4
ff5e30380,4,0
6fecc5cf7,3,2
f8e3f9ddf,3,2
1aef9fc86,3,2
1ea9285ea,4,3
c62a2a817,2,3
7a2ea6461,3,2
e20655a10,2,1
98437e7cd,4,4
943e9242f,1,0
b12e22341,4,0
0e6f26f19,3,1
ce788268c,1,1
c9efae474,3,3
9031a7f4c,2,3
4529e91da,2,1
08d17d82a,4,1
900b47573,3,3
eca179f5f,4,0
f2fba72d2,4,1
938bcf142,4,1
181823d5f,4,4
6469bb262,4,4
e5bc7aaa8,1,2
5e4c387b2,2,1
246c3850a,4,2
00b00d5c1,2,2
85ca390a0,2,0
27dd38817,2,0
fbae7b0d5,1,1
f6959f1ca,1,0
56f62a309,4,3
a34cf041b,3,0
bad8f7276,1,3
5c1890dc7,2,3
37a11cc19,4,3
1ce065496,2,1
b1d1e399c,3,4
375905770,3,2
b7d4318d8,1,0
870fc2931,2,3
bef49a74b,2,0
31144a6be,3,0
3ee76f8a2,3,0
c66f97de2,3,0
63697128e,4,0
3b2a0338e,2,0
3dab3050c,4,3
731a2ef80,3,1
5d822305a,3,2
0dca551f0,4,0
f35a5dd35,3,0
ab2c124e7,4,1
c444c2936,2,0
c29a364bc,3,4
504134fd6,4,2
6d9b202c9,3,2
5163abb6e,3,4
cef342d22,1,3
8dc7b3ffa,2,3
629df03ce,4,2
b8acb4269,1,0
5d45dae82,2,0
6c8487ccb,3,4
6aeef2649,3,1
3feae3fb7,3,2
d09835201,3,1
1a6becd27,1,1
706a9cd5c,3,2
029c248a5,3,1
89bdd90b8,4,0
960f1a1d8,1,3
fbcf2baea,2,0
c86c76857,2,2
e5cf352b2,2,0
c23b2926e,4,1
33eaf34b3,4,2
8dd8e4a4f,2,2
9d03d5988,1,1
2418f7929,4,1
ac59f3533,2,4
250f59089,2,2
50e061767,2,2
c79c98af1,4,2
1fdf2880b,4,0
d7a772967,3,2
1ce681aa7,3,1
aaf465c30,2,3
4bcc7910d,4,1
232aee73d,4,2
fded1ee28,3,3
0a8fc6614,2,3
31081d71d,4,0
f4316f2bc,4,3
be4acc363,2,2
818d4a56e,1,2
26716b324,1,4
fb9a1cf69,3,1
9a65d163b,2,2
8f72b332c,2,3
b32339429,4,4
06666dc09,4,1
cb05f298c,4,0
3bf7bccc9,4,4
0af536283,4,2
886d23c56,3,0
54791dc58,2,0
a2b2abe02,2,2
23c4874d8,4,1
0428af8ea,2,1
43156136a,1,4
f0c26af32,4,2
efd269df8,4,0
e9e9c9efe,4,4
ded3b183c,2,4
2a92877f7,4,2
765039f34,3,0
3e2cc2690,2,3
b0855d1dd,2,1
e1cd37f6c,2,1
d8de3a329,1,3
2d5eababe,4,3
003dd2e26,2,4
a8f17e0de,2,2
45bec4a13,2,3
98ae607d8,2,1
c292a8b67,4,3
b56b73e4c,4,0
923a7163c,2,4
c72bd65dc,4,0
622f08247,2,1
68936da8c,4,0
13dbd2170,4,4
660742236,4,4
176516c7a,2,3
46c44f7bc,4,4
d336e6953,1,1
9a3224461,3,0
d41773368,2,2
4c631dbf7,1,2
97d823486,2,4
3497c1ad0,2,4
24ee3b57d,2,2
f5bcc82f8,2,1
bd53ebc9a,1,1
728ed1c0e,2,4
8c2d37546,2,4
756eaf5eb,2,2
37965a7c3,4,1
30507c621,4,1
67e8df1d3,1,4
2eaab0cb1,4,1
15f00daac,4,4
1b91e1082,2,2
628e30f3b,4,3
bde1336b6,2,1
f91ffd577,4,0
39fc7e6d8,4,2
9cd7bfaa6,4,1
3285d041f,2,4
c3b89c2e8,4,3
c7d02bfca,4,2
e8261c38c,2,0
a7fd7a703,3,4
863947277,3,0
c56432da8,3,1
2bea067f2,4,2
8e01a6de2,3,4
eaef39ceb,4,3
7ead795bb,2,0
1069c72a9,3,3
dd79180bc,2,2
37ea8d2db,4,2
4370b5ff7,2,4
ee5ceb065,4,4
a4b96c3f3,3,0
c08403e9f,1,4
3c2e29219,4,4
122b47acc,3,4
21f4a6abf,4,2
166345ac8,4,0
a87f5839e,4,0
5a358b56f,3,0
4c1981df1,3,4
03edf613f,4,4
888c22eb5,4,3
f64f8a464,1,2
44ddc2e22,2,1
8b9d9a18b,2,0
f2be40d43,4,3
4036e0e12,3,4
21206933c,2,3
aa3409a07,4,1
a6cbd39c2,3,0
7611934a0,2,2
e9cfb355a,4,4
02fee7295,2,0
79f41f755,1,4
65266fe36,4,4
7d6847fba,4,1
a0c332aaf,1,0
f87489d3e,2,0
53964c5d0,4,0
7e8bab7a5,4,2
16002dd9b,2,1
382d948b1,3,3
3083ab744,4,3
cd7ee75c5,1,2
3fbc4677d,3,2
6bd434dc9,1,1
ec8c5413b,2,2
c5b782f4e,3,2
705a6dffe,1,2
a7f58a6e4,3,0
e1f08c5b2,4,2
eda8eecc6,3,3
de97498e6,3,0
0cce7d218,1,3
e3b6b7d2e,2,4
ba54e88a9,4,0
0b817da84,4,1
000fb9572,3,2
460edc419,4,1
d66a55b13,2,4
331a745e8,3,3
fde58f7fa,1,3
33ddc2011,4,0
b7df87757,1,3
53bcfd67d,1,0
a19eea86b,4,1
f70251906,4,1
b268202d8,2,3
29193bf76,2,0
c85f29411,4,2
355cc5db7,4,4
f93283e0c,4,2
dba5f0e5c,3,0
28ce3c3ea,1,1
27c5bfcf1,1,4
28ef05fe6,4,4
f27a94272,4,3
4d3e3a146,3,1
f98750599,2,0
6cfd5f1b5,4,4
69f4a00df,2,3
12653b9bc,2,0
a963b8732,4,0
a3cc5de2b,1,4
706d1c836,1,1
4c6048341,1,4
32ad56035,4,1
1663d062c,2,1
742cced96,3,0
b16b24c21,4,1
0ed23a049,2,0
200a0df49,1,0
a99e4b365,3,4
ecd574ddb,2,3
560232264,4,4
cae004390,3,2
1927c2ed2,1,2
403cf8d32,1,3
41487b069,2,4
53f434ae8,4,4
8d047d078,3,4
8cd96bf75,4,0
04af86059,1,3
a4c8f64c1,2,3
b533529a6,3,1
d870d5767,4,2
7e1af1787,2,3
00c71a320,4,4
27a7a1795,4,1
65f311c09,4,1
5b3559bf2,4,2
e87214dd2,4,2
49fac4dc6,2,3
457de178d,1,0
e8ee48e12,4,2
b102f525b,4,4
83dff4077,2,3
283ce4b9b,2,2
3e6fa700b,4,4
14084c784,1,1
5f19552c0,2,3
01c202740,3,2
076ec7e18,1,0
2fc5c49c1,2,3
bb0dddcf2,4,2
207c24fd3,3,1
71419d422,3,4
86c08e68b,2,3
9a798bc44,2,1
076a67405,4,0
9c70eee7b,4,2
f19658d12,3,0
dfb0b0928,4,0
009239f92,3,3
e7dca0b2b,1,3
ac7edef88,4,2
a2c44393c,2,2
fb82bfecd,1,0
32ac38a9f,3,3
037b1c131,1,1
b7d2f8186,4,4
3a88e6c8f,4,3
1cdb5d61f,1,2
791e6dc19,1,2
b2566d195,4,2
2ece6b26b,4,4
9bb035799,4,1
642b0dbac,4,2
97e47e7c0,1,0
a8ba4dfa1,4,2
443682c9f,4,1
de445d837,4,2
648727065,3,2
3f3962d65,4,1
edb154f1c,2,0
f4948a23d,2,2
ece99daf7,4,1
c0858dfca,2,0
f3b29563b,3,3
92c42a055,1,0
8e7c16add,2,1
46d9b2934,4,4
23379775f,3,4
6d1d7bcd8,3,1
6c736e9c1,2,4
f69bd4b27,3,1
e9ec4d543,4,2
0b01864e2,4,3
3a7bcfea4,2,1
a2c9be724,4,3
82a97cd8d,4,0
199fd5d5f,4,3
f000f169a,4,2
8eece1c0c,2,1
29ffe21fe,2,1
cb474120b,4,2
d9033fea0,3,2
eee0b299c,4,0
8f32c880e,2,3
3695274de,4,3
0cdb80095,2,3
b63d76ef4,4,3
e27ac6865,3,0
d42b92c05,2,4
22d9719f8,1,2
9feae89ad,2,4
4792b6d06,2,1
8ccaceef5,3,2
bc2fdee71,1,0
984efb177,3,2
f5bbf322d,4,2
f5d7daf1a,3,2
1cd970978,1,1
07558410c,2,3
abe9e2d91,2,3
90489eccb,2,4
8054aad26,4,3
adb97bde0,4,2
97f0a97ef,2,4
092fa68bd,2,4
e488a36cf,4,4
081c2daa0,2,3
3a9efa973,4,4
906083f6c,4,3
02468e968,3,3
fd8f64c6d,1,0
89bec6af3,2,3
872d79999,1,0
73a17e201,1,3
176ef71db,2,3
094c2c3bf,3,2
b560efa40,4,3
940b0ad69,1,0
a40116bf1,3,2
5c4742e35,4,3
16472756f,1,1
d2dbe8b09,2,2
f555570eb,4,3
fc8c8d169,3,3
ff125cf8d,4,0
e617dd078,1,1
0fe8ffc8e,3,2
c05adb8fe,2,3
79ef1fd27,4,2
ded8d95c0,4,0
60f9fee55,1,2
feb06d776,1,2
357707ba7,4,2
734123308,2,1
1cc98ed1d,1,2
9fe96f804,2,0
bc4b95345,4,1
3163e9acf,4,0
8f22842c0,4,1
e998d6d60,2,3
e6b28fc29,4,3
a55f8d58a,2,3
8b6690d89,2,4
3666cdd80,2,2
a8c555240,3,2
7f771cce5,4,3
951352bea,2,3
39b3fe88f,4,4
1da4026cd,3,1
9e1caf559,2,2
4f75e3aa2,4,2
fa73b1181,4,0
37a8dcdce,4,4
4ffbe0538,2,4
80cedf6b9,4,1
b96e5f6a6,1,4
7630f3d6c,4,3
cfd4c95d9,2,3
630fe24e7,4,1
c504cbfd4,4,3
51a0d55ba,4,2
dae13a47e,1,2
fe1edf930,4,4
206db8d8d,4,4
dc4e92b83,4,4
245434d5d,4,1
05ab54e3c,4,2
e0e392bfb,4,0
d596aea32,4,4
377d9bef6,4,1
35bb8ee8f,4,0
ecba82fc3,3,4
7daf7af9c,1,3
382b4212b,4,3
a72ca4ed6,2,0
467aed7e3,2,3
800680beb,4,1
5b73a7ea8,3,4
63adeea51,4,4
b869dec56,1,4
ae089cd20,4,4
9cf741863,4,2
be579e6ed,4,3
308a16b6e,4,1
6c83d00bf,4,3
d1db8712e,4,1
f3c42e04b,4,4
650f2854b,2,4
d22eb6266,4,2
d1052eb2d,2,1
31104de48,1,4
43b277272,3,0
cb9aa1b3a,1,0
db4995bf8,4,3
74f987b01,3,4
7e3680561,2,4
112ae92e0,4,1
46f656f13,4,4
3b1976326,2,0
e5317b212,2,4
0bf9dfa21,4,4
4ec25bc3b,3,1
6d18cc71d,4,0
cb0f41a00,4,4
31e2399a9,1,2
82ea3883e,4,1
a25c1fe02,3,3
91ef9278d,1,2
ac31057e6,2,3
fd32ce3ef,4,1
3e3743dc7,4,4
3a97c693e,4,4
b4835265a,4,4
6f665c704,3,3
97bb6502c,1,2
f376f922e,3,1
8af1b11ce,4,4
1e39a9ea7,1,2
d38ce48c2,4,2
bea0802eb,4,4
c9595d1f6,1,1
ddc3af1ee,3,1
6464f2352,2,4
ac6d69d99,4,0
99be827e6,2,4
76c073021,2,3
2455effb8,3,3
8ff66c239,4,4
4d7dd6115,4,2
fa7c7d1be,3,2
88819fc55,4,4
8af4db3f3,4,0
5a828ec3e,2,3
e56dc823a,3,4
24731a12c,4,0
66757255c,4,2
5c039d8c1,1,2
9e3e99760,1,2
eb4eef57a,4,2
49113adb2,3,1
093cce3a1,3,0
4e9a13862,2,3
3816b16b4,1,1
1539be087,3,1
5ba0605b9,4,4
d6c60a52d,4,2
ab48d21e0,4,1
83166fea8,1,1
a89fd1f1e,3,1
40b31be60,2,0
d1265050f,3,2
4ec9289df,4,3
3a3ae56f1,4,3
e46373e2e,4,2
f3755376e,4,0
3d6f14681,4,4
e333feca8,2,4
649930cc8,4,1
9b11972b0,2,3
6d18707ee,3,4
eb90062ec,4,3
461185d51,1,3
63fda9824,4,4
f9715a897,4,0
f304e7fb3,4,4
d4ec04b8e,4,3
dbf579546,2,1
fc2925be3,3,3
2e9a53eb0,4,0
0f15ed6ab,1,1
933da53ee,3,0
4f6a0e54d,4,3
7bda94ad0,4,3
d14d62508,2,1
a90da3a12,4,3
3759a1d40,2,0
27ef6e605,4,1
060b52c3b,3,4
7ecaa8636,3,2
00b23513e,2,3
71f245b82,4,1
ff3d455a0,2,3
00e50c7a7,1,0
6341e0577,4,0
d8664fb93,1,0
65d10be4d,3,3
783a31182,2,4
f600368fb,4,0
c32eb7405,3,2
3ee594f5a,1,3
05febeea3,4,3
d92c5c2df,3,0
198a73c5e,4,3
393198f9d,1,4
d4bffbe04,2,2
1f7c7c248,4,4
457bdfb16,2,4
da4da9308,4,1
18cd75354,2,1
0eade2f7c,4,2
364e3ac89,4,4
0ce80622f,3,4
619f26bfc,2,2
1d1f2ed1b,2,4
be7b65c23,2,2
e454518b8,4,0
d57b8c2fe,2,4
1534419ad,1,0
1e1727250,4,1
0b3b23c20,4,3
71e5aca0a,4,3
2b3fc0265,3,0
e825b8b9f,4,0
b6004bb5d,4,1
da5ae6aa9,1,0
8132fabfd,3,3
282139c6d,2,3
19d68bcc8,2,1
268cdb435,2,1
fdffad0c0,4,0
bf456451e,3,3
9ceada263,4,0
9495fed48,3,3
b26bf64a6,4,1
d3ec31e51,4,3
71e96f977,4,4
11a3fb06e,4,3
88cdc9a60,4,3
53b996932,2,0
3c8468196,4,3
1fba191e3,4,2
95b24de4a,4,0
640e18ef0,3,4
780dff088,4,0
236824e39,1,4
daeac2b84,2,3
15dc4c629,3,3
ef9154afe,2,4
b48b65ef2,2,1
9102809eb,1,2
0b110b315,4,2
e40368c38,2,1
c68bc0253,3,3
f64a1a0c4,4,1
c36ffffdc,3,2
8d83c952c,3,1
5fc06cf73,4,2
6fcee4bee,3,3
3604fc814,2,0
ebe1f2665,4,1
b66a74309,4,4
3fd75e77d,4,1
288445cbd,2,2
2485efd0a,4,1
b0a24f910,2,1
0ff7245bd,1,0
0fc2dc3cb,2,4
4cbc3433e,1,3
a8a3c4f49,2,0
3308b3980,3,4
8c75e5189,1,4
1c4afcc03,4,2
b5ce44276,3,1
6aa6cfaaa,1,3
faca11616,3,0
c1680e63c,4,2
fa27f275a,2,4
1a51506e1,1,1
fe4b30cfb,1,4
c6d39a0fa,2,2
bea8484a3,2,2
0d4e58071,4,1
bca099371,4,1
1aa3952c1,4,3
db3fce97e,1,1
f0063c5b6,3,2
600f8eb25,1,0
15e5b6d26,4,1
17c4b0394,4,1
40843af1e,1,0
f7b84bc3b,4,4
873996ad0,4,0
f3b4e3f5c,4,4
4a1702099,4,2
f7ada8363,3,2
c135c6b15,4,1
dd308e46b,4,0
bea72e6c5,4,2
f58424835,4,0
7f08520d7,2,1
0c28877b7,4,3
c4d225c88,2,2
6db506983,2,2
3e101e353,2,1
0c862b8a3,4,3
15b6026b1,3,4
a116545f6,2,1
a3449e0d0,1,4
c0545b660,2,1
6fc2970d6,2,3
1d5870131,2,0
14fb52f07,2,2
cbefe3979,2,4
e3672355d,4,1
f104f8045,3,3
1253241be,3,3
f7bf646ee,4,2
d09a7dda3,2,3
720db9cb3,4,3
15592a54c,4,1
0063bd7e0,4,4
ef70f3263,4,2
98caf2809,2,1
205dd56e1,4,4
4e1033fe2,1,4
093a35049,1,2
300c91d3a,1,4
bbcaecdd4,2,4
ad6e56af2,2,4
b41d5c9c4,4,4
e99eda1f6,4,2
f3a9092a2,1,3
c34b20922,1,3
1cc66d907,4,1
de08c8d31,1,1
e303359a7,1,4
1f470d9f4,4,3
bcf13ec9d,2,2
61f0927c3,1,3
a86f09670,4,1
b35c61109,4,1
46c5fd256,3,0
dde3750a1,4,4
923da13c4,4,2
ba4811f35,2,4
8b0ea16a5,1,2
b76e8c452,1,3
03d59fc21,1,4
531452675,4,1
9849173ee,4,0
514e33268,2,4
75f582ad6,1,4
6967987d5,1,2
764837930,4,2
94fc65b67,4,3
bcec3d919,1,1
6f863a03a,2,0
e742a643d,4,0
150bf58e2,4,3
f60779a3b,2,2
fcf5f5a0d,4,2
75bfbc825,4,0
5aeba57be,3,3
a4ba78b62,2,1
a8d14470d,4,3
a6fc65f2d,4,0
d5c68b3bf,3,0
2de32b48a,3,3
44817c8f4,2,2
c6cdbebfa,1,4
122092781,2,2
1652a3e1e,4,2
332ae5ab2,2,1
41e4cc1de,2,0
8dfe4da6a,4,0
c06d167ca,1,3
3219ad064,2,1
a9551ed6d,2,4
09af85878,4,4
796382bf4,4,2
678d21531,4,0
7aa58b134,2,0
2f3d368d3,2,3
d3692d2b2,1,4
c8bc66245,2,4
d096658bb,4,1
27ab49f1a,2,1
26d0bfe44,3,1
1dff1959b,4,2
4f5205d2b,4,4
c6c8c73e5,1,3
040736f83,2,0
9b8a35f8b,4,1
e2b5913e7,4,4
ac52ba660,3,2
923a03e90,2,4
408d4d8e0,4,2
fed3c719a,4,4
01dac4b22,2,0
efeabd288,2,0
4540f8e9c,3,1
3ed60e624,2,3
b7135cf44,2,4
a5205f8ab,4,3
1b3492bde,3,4
de35c9f48,4,0
3e242ed8c,4,0
f8e3fabe6,2,2
1076dcc35,1,4
6c44c99ef,4,2
797725280,2,0
3006cd3eb,2,3
daa73505c,1,3
cd7bea671,3,1
f35683806,3,0
121c5faca,2,3
811b66c3e,1,3
eeb60466e,1,2
30319970f,3,2
e4ab25214,4,4
35ec69571,1,1
7d86df9b0,2,0
695ae7cbe,2,1
1c07c6ee5,3,0
9725bf4d2,3,2
9f1ba804c,4,3
45ba264f2,4,2
5ab4a7a66,2,3
19cd32fd6,2,0
ee8ddae7b,4,0
b4d0c60b6,4,3
e4aadf23c,4,1
32efae9d5,2,3
92b89a666,4,1
181fb7dae,2,1
e653e3c51,3,2
8e8080bbe,4,0
5d00ca4d0,3,0
4fbe0c2e5,2,3
2aaa0c8b6,2,1
85fc3c314,1,1
02a13b2cb,4,3
f50997846,3,0
08fc1372f,1,1
e66ee4be8,2,0
f5fd255aa,2,3
ba7ae0448,2,3
c1e816568,4,0
23d2b8824,1,4
0b90767fa,2,0
d65b5a052,4,3
5e5038eb5,2,4
fa94b21d1,1,4
fcdfc6cdd,4,4
9eb98f34c,2,0
85327438d,4,2
0164a9cfb,2,1
8910ea0f4,2,2
4c26cf05d,3,0
283d778d2,4,1
bfb19deda,4,2
ae6a2116c,4,4
6f93a41c5,4,2
9e4420002,4,0
24fad6b0b,4,1
c96423707,2,1
933b2b3d4,2,4
64904cb52,2,0
e4e5ea1d2,3,2
c27c5a029,1,2
e2e5b8ae2,2,0
fed43b600,2,1
ea433c341,3,3
e1b0baf8a,2,0
9827921f8,3,0
fc32f63d1,2,0
7c9e666a7,4,4
7821d724c,2,1
ec30a3b11,3,4
e92d3d4cf,2,0
b30bcaab6,4,3
5bc5b43ae,4,3
9c1b4bb55,2,3
f8b702182,4,1
cac68ead1,3,2
3a916e954,4,3
83b705aaa,3,2
c8daba029,4,0
7fd44f9f3,2,3
3bedb1ef9,3,0
9edb2d79a,1,4
6d1c281f9,3,0
d605fa35d,3,2
b5aa74c6a,3,3
1fe400328,4,4
ae6db87d4,1,4
348665874,4,2
e0efe2c72,3,0
448770499,1,4
e301ab49c,2,4
88c193102,4,1
41e792442,4,1
1ff51137d,3,1
117059fe3,4,2
68a603bc3,2,4
ba021efa9,2,1
37ae0cd69,2,0
172d395a5,3,4
d4ae1eedd,1,4
a72a34bdf,4,0
ca659fd81,4,0
d59322d58,2,2
fe1c36fb1,4,1
746fb982c,2,1
1f2065428,4,3
7977491da,3,2
870e7158b,2,1
03a3fb084,4,1
35fdb89c9,2,1
259dc7e9a,2,0
79314275c,1,1
60bf93971,2,4
15ee5f008,4,2
382e4bddd,4,1
b05d0484f,1,3
3653c9384,2,4
4e774a9c7,3,0
b38e94f39,2,1
22e507b33,4,4
9bfddbc4c,1,1
405b63ca5,3,2
eb4f09e0e,3,0
5980b0699,2,3
49303270e,1,0
28d20bc71,1,1
43fe381b3,3,4
eea0cb464,1,2
9ad6f6fae,3,0
747c82f83,2,2
0833744e6,4,1
002230dea,1,0
e40073625,3,0
7a0942d61,4,3
485bebd4f,3,1
508df8433,2,1
374b76068,4,4
a32e58f2f,3,1
cfb8b6b93,2,2
9185b2ed3,2,0
c82b8b2c4,4,3
e9b1363e5,4,0
4745e5286,4,3
ed8703dd2,2,3
b73079713,1,1
de19fca23,2,3
96ad633d6,2,0
703105908,1,2
39d055888,4,2
30ca259ed,3,2
3fbc3ca27,2,1
d5262ce2b,4,1
10022add6,2,4
3befd2af6,4,1
105fd5ad7,4,0
833408fc5,1,2
3b1009a30,4,4
21fcd15c6,2,4
1bf4a2ca7,3,0
2bdf3471b,1,1
9296eb09d,2,0
4be1b15fb,2,1
df89a82ab,4,1
7810092ba,4,1
01c6d3224,2,1
2bbca459e,4,4
4059df1bf,4,2
f0e2f80c5,1,0
9d84fc0c5,3,1
04b073592,1,4
1ca147dd8,4,4
0c3f6001a,1,3
143760a33,4,0
db6082ae6,4,3
f6fac7b56,4,1
47aacf137,2,1
0a13e47c3,4,2
a73915bd2,1,3
263e34731,1,3
eac9739c8,1,1
3b3ce72d1,4,0
c1816081f,4,4
9c91ae76a,2,2
ab385bfae,3,3
311ee8343,4,2
85f63b533,2,0
822193428,3,3
27b5a9db5,2,1
760c7d8ac,3,2
27e74e45c,2,1
fabc9bfec,2,3
4331ce278,4,0
6dd6775e2,2,2
ea2542b58,3,0
c5aeec694,1,1
30506e8c1,2,4
e24a30aaa,3,1
f1fb9506a,4,3
62887c0ea,3,0
896e76b69,2,4
22987c7fb,2,0
a8a2aecc3,4,4
ff7707a35,4,2
60d72fc85,4,1
8b9c38ed2,2,3
f4fb11803,2,1
ddd926335,4,1
db9af2894,3,1
82905a82e,4,1
cc8bf5e79,2,4
b9aead110,2,2
4752b5e0c,4,4
4f34d790b,4,1
02f63f8ff,4,3
409d5bc3d,4,0
6831a72fd,4,2
85952663a,2,1
603d1d51c,1,3
8f860b014,2,3
d653ae654,4,4
5e390710c,2,2
7a23bdbdc,4,4
c79019195,3,3
7ea357093,3,4
65a7711bd,4,2
71ec53012,3,4
10ba7efac,3,0
8947bf4b9,2,0
a9e4d6df7,3,2
adfa73768,4,1
49ba2ccff,2,2
5fc71c87e,4,3
6fbfd7f45,1,3
c6df796ba,1,0
88dbaffe0,2,4
63a542d16,1,2
94fa9ff25,2,1
029641a1a,2,4
6fe7448a5,4,2
53fba6573,4,0
e681e0cbf,2,1
948f580dd,2,4
00eced1f0,3,0
8100c2485,4,2
52d0469f8,1,1
e66d0c392,2,0
81c442177,4,1
be07596c5,2,2
ae84e47c8,4,0
e669e318d,4,2
775da0afe,4,1
311157c79,3,1
a6c7f3a13,4,3
25ebacf03,4,0
b0b9f2902,2,0
156da1714,2,3
dd065921b,2,4
fe41e15d5,4,2
1bf1f95ef,4,0
eddac3328,3,3
a977f3331,4,1
8bbf5133b,1,2
eb6bb82fd,4,1
09807c555,4,3
de61ca522,4,2
c2fc23444,3,4
730a09014,2,3
9c64232b3,3,4
d37659c5d,1,3
6ca8be82b,4,4
bb32a589b,4,1
d1338d152,4,3
6f3f2899c,4,4
015fdb354,2,3
a2ac8316b,3,1
aaadb1aac,4,0
5f6931436,4,0
451bf38f1,4,4
00648f96f,2,3
8ae60c34e,2,2
efbe1f3ef,2,3
881aefbb9,3,3
babf0f6cd,2,1
3bef65169,1,0
493ab5d96,2,4
5ea1f2c39,4,2
a2a6b4117,3,0
d4e9f53c9,2,0
a9092993a,4,4
5bfb8da14,1,0
75f7beaf2,1,3
3dc8f1328,4,3
53abff075,4,2
18556365a,1,1
2608428d8,1,4
40276ec6a,4,1
229beedff,4,0
6e21edd32,3,3
975091325,4,1
c213bcac3,4,4
eff6d721e,2,4
0627105f6,2,2
fd71f9fb4,2,0
799c6852c,2,0
86228db7e,3,2
5242038c7,3,2
5569b346f,4,3
7f59b246d,2,1
02a084920,4,0
9403ac24d,4,3
f069c7c28,1,0
2db964259,3,0
0ede86b28,2,2
16316fb49,2,2
c6f39e0e4,2,0
fd60c4aa4,1,1
6120ace5c,2,0
992170cac,4,1
af6364af9,3,0
c7f20f68c,3,0
453cf6271,1,0
0c64363af,1,3
c5e4cfab0,2,2
a64ca36ca,1,0
43c623f94,2,2
46a5f0ba6,4,2
6e61a7b46,4,0
4f735cd71,4,1
3085ca2c6,1,1
86aeb2732,4,0
1a0ee9580,3,1
19926213a,2,4
eb1286b1c,2,4
23f45d56f,4,4
bdcd82280,3,1
9fe4f4b78,3,0
ec4351554,2,1
7f5cb9583,1,0
1772727a1,4,1
682cbe0f9,4,4
1e4b7018a,2,1
938de268a,4,1
f612d5506,4,2
d3f157880,1,2
36731724b,4,4
5bfbb098d,1,3
ec5670386,3,0
27ec72a29,4,0
1aabe595c,4,0
aa03b987e,2,4
e73545fe5,2,3
bb74d75c2,4,1
a6fea1d1a,1,0
78fd8ce0d,4,1
3c25f4969,4,2
52d65015d,2,0
9579ad7a1,4,1
eb6c579d5,4,1
006ffebaf,2,2
f51667d46,3,1
e3a29829f,3,0
63f28922e,1,1
7df56218d,4,2
71f895aa2,4,3
78dff2667,2,1
9141b7803,2,1
b574af70f,2,3
0faf7f0ae,4,0
5ecdd04af,3,4
02d6020a9,2,1
b3995ad50,4,0
04a555b91,4,4
2ba9dfe93,2,0
d88f3ee34,4,4
5b928c0a6,2,4
5f5d44f43,3,3
b1e590596,2,3
620ebd7ab,2,1
b984a461b,2,0
2c15f3086,4,2
67f174628,4,1
d95eabfe9,2,2
ff0b61121,4,4
e9b641d69,4,4
6ac7e0c51,4,3
36332af6d,1,0
abafdc972,4,2
86d87d5f7,4,0
efc478e64,2,2
f393a9d26,4,1
a1093437e,2,0
887b5144a,4,3
e7fdf6d1c,2,1
3658ee105,2,4
215345b52,4,1
556549333,1,2
c001a0b58,2,1
a929a9f48,2,2
18c3b1a1a,2,1
548df7912,2,4
a640f7cf6,4,3
f792e0ff5,2,3
4c2f127c7,3,4
6c62c854f,4,3
f368b7ef1,4,1
6ac38f654,2,3
7df257784,2,1
608a58c8e,1,3
4fd97d6fe,4,1
42e9334f2,4,1
c0645d6c9,2,2
6272ed019,4,3
828f0e616,4,3
3b0b2a86a,1,2
ef86c51b2,3,2
6d95c8ec6,2,0
43894825a,4,2
c90570913,3,4
6138cd70d,2,1
75bc667ae,2,1
a37b96d01,2,4
42fc9a244,2,4
e18cc7a60,4,3
fc601e041,4,0
8f2946027,2,3
1d7e844a7,4,1
46feadc45,1,3
967ee6c2e,2,4
a0c584c54,4,0
5e08b9ce5,2,2
3aa4a07dc,4,2
5d8c4f66b,3,4
f34d62be0,2,3
cadcd5ad8,1,4
803c3b444,2,2
b66a5bd9d,2,2
3a94fdf2d,4,2
b1170cc46,2,1
c3270683d,2,0
9ac5a9faf,4,0
fc63194d1,4,0
61bf517f2,4,0
51226d067,2,3
f293ae915,2,3
d5a7d4dc9,4,1
6dcbe818e,3,4
d026d2fb8,4,3
474f23a3a,3,4
d5053eb47,3,1
85b57bb1e,4,0
12dce436d,2,3
975d32d75,4,0
c3208c19d,4,2
a45142177,3,3
44f198a24,4,3
c9ff29578,3,1
a7676842c,4,2
d755e40d7,1,3
b64307878,4,0
6e09bfe1f,3,1
0b4a0d698,2,1
13d30c173,3,0
631a6a27e,2,3
d43834f69,2,2
a44b2389a,4,3
7efd5522d,1,3
d48d94920,4,1
91d7bd3d7,1,3
ef30ade75,2,1
6d24fab68,2,0
28e86bb13,2,2
bded2690b,3,4
a40a8c0ce,1,4
29f5cedc0,2,4
42b4b0024,4,4
99aa7a5a6,4,1
3330252db,2,0
45904d2be,2,0
4ea31a03a,4,0
3517189ab,2,4
0d4e81870,1,1
02d644003,1,1
015c75c9e,3,0
796781fbb,4,4
69a15acbb,1,1
f00413d87,1,0
a031e3771,4,3
3f2d1ff6c,2,0
6a633ab6c,2,4
7aae61018,3,3
0b6457bf5,3,3
9d66ac1e7,4,1
442f853b2,4,0
7f40cce5f,4,4
b84058aa2,1,0
169184766,2,3
106f7b51d,2,2
aba00e1f9,4,4
fbb8a0267,2,4
65a98c48f,4,2
fd6c93d05,2,3
bb61d1c46,2,0
3ca057824,4,4
57bf84005,2,2
99ba6513a,3,0
209e4f717,4,1
634aa14a6,1,2
9ccf125f1,3,1
2e3c8edaf,4,2
f38727a35,4,2
b07678538,2,0
2826f9095,4,1
b8715f663,4,0
bc7b17cd5,3,0
8e9abddf0,4,0
f21d7ec45,2,4
e30182214,4,3
cc5892ce1,4,2
0fe10670c,1,2
9f24a0672,4,4
b2b52ccf2,3,1
7b858c084,3,4
55ccb364d,2,2
e65a26822,4,1
5d517a321,2,0
18bc7bf4d,4,1
eda903960,1,4
a3740bea8,3,0
18dab2783,2,1
7b6f894a1,1,4
d3dacde96,2,2
01919fe72,2,4
3fa341801,2,2
1f34d9c73,3,4
ed9936705,3,1
360215e23,2,4
27e6b452b,4,0
e1c66420e,2,4
2e74deb7b,4,2
8dfe71419,1,3
a428c4daf,3,0
93eb14f37,2,2
be917151a,4,2
e1cd176b5,4,0
585a4d5b9,4,3
37c68c4a3,1,4
76b67f389,1,3
95e9ad1b2,4,3
0f1d071a8,1,1
abd7dcf2c,2,1
1b9b55f0b,2,1
027c23f6b,2,0
243925f5e,2,2
7ee6fe581,4,4
ff10041de,3,2
efc55563a,4,4
59bedbb97,4,2
e66a993a5,2,4
dd5d07137,4,4
c538efa0b,1,1
d7dd2c184,1,3
f7473aaec,3,1
087d71de3,1,2
661bcb904,3,2
54e7cfcc5,2,3
12b1bce04,4,4
f9df8656a,1,3
dc0ee2c73,4,4
5dff15fc4,4,1
8106b5f6f,3,4
b5f9a9c4a,1,4
09d9212f5,1,0
4359d65e7,2,2
8079e3a1c,3,1
15f62e911,4,0
2abfa66d6,4,4
edc5c168a,4,3
42d2aa0bf,2,2
91efb738a,4,3
3005b75eb,2,4
6153f9d64,1,4
5c1f1a317,4,3
76b366645,4,4
dfedc8f77,2,4
dfaf47c11,1,4
04f7eafde,1,1
6cf7d415b,3,3
0afb7e845,2,0
ed9daa1ae,4,0
ca7c6095a,2,2
e3b39a9f5,3,2
9d7c4455c,2,0
8cb5fc48e,3,3
51d3a70bf,1,0
d87ff9c80,4,2
4a6dc2b1b,4,1
740d9759c,2,3
f54bef6d6,2,3
91fca388a,1,0
732fa3cb9,4,0
3f9b11590,2,4
837574272,4,4
33a6694b0,3,4
092418816,3,1
cd469a42f,3,0
2391fcc9d,3,2
c3a52fbbe,4,4
530aac28c,1,3
51398fac1,3,4
6c75b9082,4,1
03926867a,3,4
326355730,2,0
6806f15f3,3,2
822b31b85,2,0
6f94c942b,1,4
9ee370ef6,2,0
08dfce1e7,2,1
fffd9b5a8,1,3
cace2b412,2,0
9dca27ec4,2,3
5971c2462,4,4
d6d9a938f,4,0
b2406f38d,4,2
c228bf013,1,2
f2ac99dfe,2,3
34fe22f69,2,1
af49cf598,1,1
d473d632a,2,0
b3101cf5c,1,1
b77b75f2d,1,0
e02dbb6d5,2,4
79db05f63,2,0
876dd37df,4,0
49d1423d5,2,1
9868c3935,4,1
0fd5ff08e,4,1
76c276834,4,1
1df182906,3,4
0e28a90f6,2,2
1b0d28fab,4,0
084e4c05b,4,2
85c4e7a41,2,3
a90d6fbee,4,1
0d6b8efdc,4,4
858b1443e,4,0
5aff9022b,4,4
915031b99,4,2
bcd601baa,4,3
56d3aa3ac,2,3
ca4224e0b,1,3
92fa4a896,4,2
1965d2288,2,2
6704c5fd7,2,1
3c6f9a4e7,1,0
c5d1b9bf9,4,2
0e61fe015,2,0
c5b5d2650,4,4
3bf1bdd86,4,1
70c811b9d,2,4
a111adc75,3,1
468cec390,2,1
64c1c412b,2,0
a8d44452c,3,2
9e0b14cf6,2,2
c275f0975,4,2
bbfc8a037,2,2
14631d97b,4,2
fe3e235e0,1,0
67888f9fc,4,2
c6556750a,3,3
10e1cbfdd,3,1
38a780df6,2,4
3060d192f,2,1
d8b05d43d,4,4
69a1c3147,4,1
13bbf723c,2,0
d2d48985e,2,2
f7a7fc91f,1,1
8a6f301fa,4,1
e89b02af3,2,0
b00d0fe1c,2,3
59d42b6bb,3,2
3853ff1dd,2,2
0149d04e7,2,2
d9f692e74,2,4
1ba7bdbe6,1,3
865ee6652,3,0
c4be004d4,3,4
78b07d4e0,4,1
9dd1cdd52,4,3
63cc8aa47,3,4
d17892c89,2,2
8e6e57951,2,0
a7560614d,2,1
5b5e81279,4,4
9b9976e20,3,2
b9429dc85,1,4
24e2e049e,2,1
9b344389b,3,3
1bbf00182,2,1
7196383a7,2,1
00be0a63e,1,3
201ea7802,2,2
70f92bae8,4,1
3d0752cd9,3,4
58a79a8a1,3,1
7c1f20f6e,4,1
0ac81fcc4,2,4
460426eb4,3,4
9f01beeef,3,2
c4835ee5c,1,1
20336bf88,2,0
4525391a7,4,0
a8e5ae23a,2,3
b7b07aaec,2,3
5d32494f0,4,4
3099254c2,3,4
ed74a9822,4,4
c61aef5bc,2,1
07cc0ce27,2,0
1d4574c90,1,4
29edf6e20,2,0
c9928594c,4,2
ab2e61df2,2,0
7dfa1e78c,2,1
6dcff2b5b,2,0
2d8b42d21,3,4
427343625,3,2
f849d1829,3,2
ab4ab38d7,4,3
b7e7c5c9b,2,0
ea055de86,3,3
800a7c025,2,1
fc7706b56,2,0
faf6a8cd0,4,0
8c7dbce06,4,3
38f6f3011,3,0
6afe7ee11,2,2
bf87b176d,4,2
918ae2c95,4,1
a578345c4,2,0
c565589a8,2,4
bbab88df0,2,3
cf162bb42,1,4
e257f17da,3,3
dce7af31c,4,1
d8c6c546e,2,3
048519a46,1,0
51020fbd4,4,3
98b1b003d,2,1
3c6329c92,4,1
7a860f4b4,4,3
c5db00aa6,2,3
0d551fb5b,4,2
ae4ab31ec,1,3
8d6b89eff,3,3
8facdc86a,2,3
0e783a2e1,1,1
f0f9efd52,3,4
33f056cc7,4,3
1f25222ce,4,3
9e557af46,3,2
301e16ab9,4,2
6d5fc90f3,4,4
7d1ff4264,4,2
9c3f9ca37,4,0
9951dff79,4,0
0806f9e3f,3,0
ae1db9841,1,4
dfb8034b5,2,2
d9dcad5b4,2,4
a9f395ba8,1,3
53561f52b,4,2
76d3ef2a4,4,0
2e1de0bba,2,1
67b1168ba,4,3
3bb86aa8f,2,4
f662bdf71,4,2
23adab0a9,2,4
bf9ce53b3,4,1
9a4bbdd8d,4,4
7930e4752,4,0
c36860383,2,1
6178884d1,3,4
005afe792,2,1
8a4e70a21,2,4
23bcfa015,4,0
af843bbce,4,2
0f0f81a37,1,1
5dff45cff,4,4
7aa682539,2,1
52c15bfee,4,3
f8d98877d,4,1
3947180ba,4,1
8e6223402,1,2
bd6a6d0dd,2,3
b6f77d754,3,0
516646a4f,1,4
5cabf5331,1,3
083687ba1,4,1
44594e996,2,0
4fe4122ca,2,1
ca967745b,4,3
f095385ff,2,2
ad5118660,1,1
bb2e480f4,4,3
72482852e,4,3
469aab50e,2,0
ad937498b,2,0
eefb8d885,1,0
4d7573c5e,2,2
b497fb8eb,2,4
42d565331,3,2
5264d253b,3,3
72f891e55,4,1
79d32926c,1,2
ca92437c1,2,3
fd3172797,3,1
a07a65495,4,1
63e388a8e,1,4
15e5b0e7d,1,3
a36e3c034,3,2
cb307f308,1,1
f45176c4c,4,3
35fc0fd89,1,3
21958b8f8,4,2
bc8bbffa4,4,2
0b3deeb66,1,4
352ba3335,2,1
736b228b9,2,1
ab7ccc7df,1,3
72ec92880,2,1
6d59be88d,3,4
d8d840693,4,3
5d3c9feba,1,2
a1be4d855,4,2
f5fda5ac5,1,1
466862270,2,4
d7185ffc1,4,1
621a16b0c,2,1
921817343,3,0
4263cc9ed,2,3
9a770c49a,4,4
f3551e91f,2,2
1894ab073,2,2
4bb09fefb,4,2
331c39c92,4,4
a5c1c54fe,1,1
cd2fd9be8,4,3
8ce613036,4,0
f18d332de,4,4
01ac09f2a,3,0
54b6c1d72,3,0
733ccdc63,4,0
d1632981e,3,4
96a35824d,2,4
0510d2767,4,4
16a371487,1,3
a1b34954b,4,3
94dc20e92,4,0
ded648294,4,4
b663aafeb,3,4
8aeff9ad9,1,2
d5e351a09,4,1
7390b70c5,3,0
0e9c1385c,4,4
2ff35ef73,1,1
ad2423b1f,4,4
4fd755cc6,4,2
67af2d880,4,4
828ac8371,1,3
7dcbe3383,4,3
8f6b92b4d,4,4
e99c4a55d,1,0
bbbeb3ab0,1,4
26cb1c2c0,4,4
881a77dfb,4,1
8c131db77,4,4
1043aca38,4,4
9d876d83a,1,0
883e7d058,4,3
21c8d5f0e,4,2
c49480455,4,2
18286db6a,3,3
84998166f,4,0
b60bc872a,2,4
e7ab271b1,3,2
143027239,1,1
f892c5908,2,0
726488db4,3,4
cf1b1b824,4,4
15bcbb6e2,2,2
47d68f63c,4,0
1b5fd0e44,3,1
e6d59d514,2,3
17d9c9586,4,0
c4ab38782,2,3
15a491e20,3,3
ee65ac339,3,4
8bd82188f,1,0
5c30eceb2,3,1
dc8359e75,4,3
3122253f4,4,2
f319a49de,4,4
24af5742e,3,0
f3abe5d8c,2,2
c6a2b6ae1,4,3
d277ab24d,4,0
ee4cb45ea,1,2
2208d2be1,2,0
94438a5c5,1,4
505c5d7c6,4,3
da6bb3100,3,1
705d4f296,1,3
52ff28c14,3,4
d0eb1073d,4,1
68ac3848d,2,1
182aa4a29,1,3
4e991c023,3,2
c6d91de2b,3,3
6d94a56ef,1,1
1c3f75c04,2,1
dd8e62b81,4,2
12ceeda09,3,2
810ae61da,2,0
4771e1226,3,3
794806010,2,0
2dc54e9fd,4,2
a9085cdde,4,0
6282ddf87,3,3
92a038846,2,3
c0488da92,4,1
1a90a4805,4,3
9467b9867,4,3
a561b2487,2,0
c014197ab,3,4
e2205b952,3,1
33aa18b41,1,4
ffebad2e7,2,1
79a352e54,4,4
44930f85a,3,1
73d7bb2ce,1,2
f2a522324,1,1
ccc88931c,2,2
1fd342e17,4,1
911464bd8,2,2
a8c19a325,2,2
842b21328,4,4
8803fb1c2,2,0
d6e52b75b,1,0
e4941c40c,2,4
97dc40c6f,3,4
0cd614218,2,0
e2f718e94,4,2
11d50c573,4,0
c45a57747,4,3
8c9f6c718,2,4
c720ee024,2,2
57b57989d,4,1
1d20ba693,4,0
c11ca8051,4,1
1bd13d3e5,3,0
681eb7101,2,2
5360d72a3,2,4
29d752f7f,4,0
37865f566,3,2
5e74dfc90,4,3
bfdc4cd9d,4,4
91d238a62,2,1
e45ec98a4,2,3
b3a42fc4a,3,2
b23e29c89,3,1
5e2bbb163,2,4
346c5abcd,4,1
7dd780fe8,4,3
d0bc14f47,4,0
b3b26191c,4,2
77e679018,3,1
a85630773,4,2
e0811bfc8,3,0
5a17d8cea,4,2
69c1801cb,3,0
f9a962ccc,4,4
19904f24d,2,3
1f96eae14,2,4
73de2789e,2,1
99a0196aa,3,4
f0d254628,3,1
1dfcfe139,2,0
9abe933fd,2,2
fe0a74b2b,3,1
58bfbd845,3,4
df6048227,4,4
c737c30d7,4,3
d3dbf1e95,1,2
f68a56b90,4,1
803594e09,1,2
9702a20bb,4,4
c8f4a2877,2,3
98567db2f,1,3
3c1370c6a,1,0
a0fb6cd44,3,4
705ce0ebd,4,4
d805a1c90,2,1
4eba3b5c0,2,4
6dc193313,2,1
3a5b2eb43,1,2
647fe8d68,4,3
1df948d0e,4,4
c9c5b665b,2,0
7d1d7a4f6,2,0
73013560f,4,3
24e2a6ff5,2,2
f58143fd5,2,0
2d0315769,3,3
2a64c0560,4,2
207aa47a6,1,2
ab599a6ac,2,3
2ca3f6d92,3,2
29e2ac645,2,2
1925aff9d,4,0
27e458086,3,1
f39fef7c1,4,0
110242085,4,2
cdd2cac09,2,1
fb9d3b9ef,2,1
d7a002088,1,3
15b5da7f8,4,2
1cea0ad08,4,0
01c62e03b,3,4
cedeef1a7,2,4
26c1fc882,1,0
3613869b2,2,0
d5df16a32,2,2
e248258bb,4,2
65b70bad8,2,0
ffe2090b3,3,1
c70ffd9c5,4,0
758a6def9,2,4
8f2c9671d,2,1
a113449ce,2,4
059a68bf0,4,0
13f07ee9a,1,1
01e410583,3,3
b5d3858ae,4,4
b38dcdc90,4,3
cbf3467d9,1,1
521e214ec,4,3
fed21411c,4,1
19e701fea,2,2
9bbd8c277,4,0
39944ac3f,4,0
93e53882d,1,2
ac35bae60,2,1
fa21ddfa3,2,0
487abc5e1,4,1
8f42303f4,3,4
8f1ccbc6f,4,2
9c580ca06,4,0
d765ae877,2,2
fb8efea32,3,3
774bd5a80,2,1
bda2d149e,4,0
d8519e771,2,3
a24bb77d1,4,4
d3077e6b1,3,0
b56e6500a,4,3
ae30afe08,2,3
d51b2e785,2,1
83d15cf4d,2,0
390e0a648,1,2
8db729086,4,4
7a7153881,3,1
5aefb7197,1,3
e16882f44,2,0
0ea7eaf00,1,1
a7d44898b,3,4
ebae250e9,4,1
df9cc49a1,3,4
7f4fb6f7e,2,2
bce56e27b,1,2
ee83e7a09,2,0
dff412d60,4,3
ef836c3d3,1,3
4ba068d30,1,1
79d56bb63,4,2
81bc89458,2,0
9b0744be7,1,4
5bd725e47,3,4
51c72aa92,1,0
2a19120e7,4,1
233aeb07c,3,0
f514f45f3,4,0
ecf521843,4,4
105c00abe,1,0
68a6c1a24,4,3
75bd3a017,2,1
a9495309b,3,1
6d43edbe9,3,2
972fba985,4,0
20f05426f,4,0
8229b256e,3,0
e42dea43d,4,0
bcda757a8,4,4
f15cd5cd9,4,1
7931ba838,2,0
19f38a3f0,4,3
b73a7ca90,4,3
d111847a0,4,3
15721ae3c,1,2
66409739c,2,4
b386d20ba,3,0
fa5957d1c,4,2
dd9ee4a38,4,3
8673a672d,2,0
e61d62489,2,0
cca88204d,2,0
2d63b7c4f,3,3
1f9a15807,3,0
82607d1cf,1,3
8d39ce00b,4,2
6434d0273,4,1
bdb6ebb91,2,0
4a2ecd24c,1,0
1cc20af0a,4,3
bda06474b,4,0
b9005c792,4,2
88bffd281,3,3
78ccb8039,3,4
463be5788,3,0
023979a33,4,0
f45b98b4f,3,2
3cf8487d4,2,0
2b3387bd7,3,1
25c681109,2,0
7ddc32b12,3,3
f0ac9ee6f,1,4
dc1b809db,3,1
1303e86df,2,3
9ba39bba6,2,2
e77dccf0d,3,1
9e6da2bb1,4,2
5546a54ef,3,3
4248ee26d,3,4
0e7ca23c9,3,2
56147c737,3,4
5fb30c1f8,2,2
107d56dc4,2,0
876453f9d,2,2
cc3fe68d2,2,2
2f05bd40c,2,4
dc7dad1da,2,0
8b0fa13e1,4,0
09898b12e,2,2
011350faf,4,1
8cae4a15b,4,4
71f93d157,2,0
a9fdc3e4a,3,4
636389c7d,2,4
a4221001f,3,0
096c37d99,4,0
aa40c19c2,4,1
5419155f2,2,1
9ecb47019,2,0
34d903f17,4,2
00f997463,4,3
0b59a57ff,1,0
fab1170a2,2,1
fa87afa7d,2,4
bb43b6a0d,4,3
6bf08dced,3,0
3facf6055,2,3
3069e2d3c,4,1
0fa25b7e5,3,1
5d3ee6378,4,4
145883970,3,4
d56553e2d,4,4
14f9ffbbc,2,3
eeb377c0b,4,0
04d4ce3a4,4,4
9316ce78a,2,1
146cd69b3,1,3
9907dde11,3,1
6d154eccb,2,3
aa189a931,4,1
5474cd2c2,3,4
f25e91baa,3,3
34d0c00d6,3,1
95fc36030,2,3
4fac67d06,1,3
63f01ff3e,1,4
c14b2f3da,4,1
4733d5e7a,4,3
5a7207717,2,1
472abccfb,1,1
d3740baed,2,1
c4bc89962,2,3
08b7e05a5,2,2
47fd4a840,4,4
c61869b9b,4,0
d99ea593a,4,3
b16afc5dc,2,4
6d1c4a5d5,1,2
895f73f14,2,2
01603d6e2,4,4
4f7fc967a,4,0
1a76d3ffa,3,0
8f1b39562,3,1
05abbab5e,4,3
179c21d17,3,0
55c23ed2e,1,0
6740be5a3,3,2
a8e79c8c4,4,1
ae03f99f2,3,2
026c5716f,2,4
87b60f563,4,3
e7a24f9e9,4,0
236dd6cca,2,0
92df22369,2,3
5a5463e17,2,3
d97d4b420,1,2
7cd4ec150,4,1
09db544ea,4,3
f0885aa00,2,0
c59d7c9f3,4,4
bd263a880,1,4
50fe7d515,1,1
81734dbc4,1,2
09c7b610e,4,3
10949ac80,1,4
4e3586785,2,1
0e5d845dc,3,2
14831f659,4,4
916165c1b,1,2
a99a82e6d,3,2
cb0309848,2,4
146f076cf,4,0
2c21d7f68,1,4
d937730d8,3,0
370fe2afb,3,4
082a9b790,2,4
e95d902dc,3,0
b5521c7e1,2,0
51f1d14b6,3,1
e1e2b0af4,2,0
e3fa5b2be,4,1
9488e6011,1,1
a5f576bb1,2,1
ab67afee5,4,2
b13e4afff,3,4
65e386742,4,2
95bc62678,4,1
ad111a12a,3,0
b48d47214,4,4
1adc56d3c,4,0
c16df543f,3,0
80a2e14af,3,2
7c9dc0791,2,2
18c7d13d3,1,3
e97e4eb52,1,2
9fb89d88f,2,1
1a5e5d34c,1,4
c87f6d0e4,2,2
cc2881a97,4,3
9d9197e7e,1,4
c40b30ff3,4,0
b1bc7e3c7,4,4
b4226db5f,4,3
30ece8658,4,0
8491fa23b,4,2
95696f11b,2,1
aa32ec730,2,3
27456ec0f,2,3
e3e70d2b0,3,2
e93afb8ff,4,0
f5dc6f316,2,4
61d4dc56b,3,0
052c95a93,1,4
948a1a82c,4,1
0bf2506a5,2,2
e2c365994,3,2
6308b5232,2,0
c96f9d3a8,2,3
6d945f8ec,4,4
2857efde3,4,1
b74c47541,1,3
7b13bde34,1,0
7218c8328,4,3
d0c81c563,2,4
95708d284,3,0
da56f7030,4,1
bc6abd32e,4,1
f90f6ca1a,2,0
37c989ac5,1,0
f780d04ae,3,3
152880177,4,1
e3fa09b97,2,3
8b8c51377,3,2
9a053dbe6,1,3
634f65242,3,2
db24c8108,2,3
fea9183f6,4,1
bc0b9984a,4,2
bc5ae0001,3,0
2e73c3dc3,4,3
d5176f7eb,4,1
57785dbb8,2,3
a5a240214,4,2
6bd1fee01,4,0
679dad3c6,3,0
a385cb92a,4,4
3779a7d91,4,0
71d834666,1,4
9801a0f9c,2,0
b84319e15,1,0
5893d408b,2,2
477d22816,1,2
d574448ee,4,0
ff43926c3,2,0
6e31c1647,3,2
c421064dd,2,0
eb79f1cfa,3,1
76aba4871,4,2
8dd958339,2,3
041dd606f,2,0
e6151d695,2,4
debec416c,4,3
785a95244,3,3
cac71d5bd,1,1
041cf403e,1,1
86fe4ed68,2,1
f867cc417,1,3
7a31d17c7,4,0
74ca92e79,2,0
ee640a6ba,1,3
5366eff00,3,0
7bb136045,2,3
347be28a8,4,4
dc99804de,1,3
564ad520f,2,3
c18984292,3,3
560d2b399,4,3
9f2e4a2e1,4,2
df76ee4c1,1,2
e50d881a7,4,1
24fc91fae,4,4
e30bac76c,2,1
196f95fdb,2,3
950dd345b,3,1
df89cc1e0,1,3
31eb7b312,3,0
34c4e74a9,1,0
9926c6e5b,1,0
eb5dc081c,1,4
7d11f10b1,1,4
f152b2fd4,3,0
166947bb4,4,3
9a48cc316,4,0
df9a4b31f,3,0
ec4849051,4,3
48c598ef0,1,1
2f60db1f7,3,0
559afad4f,4,4
dc589864d,3,4
86ff8539d,1,0
7b5bee232,4,3
b532e9588,4,3
060e4ed30,4,3
2885ade43,4,2
fda733a81,2,0
8538f4aa1,2,2
ae4ebeb3e,2,0
8f7265ddf,1,0
c18a1acc6,4,3
ef9196721,2,0
ce3a876b1,4,0
bc9c5a76d,2,2
bedd7f1e7,4,2
0a9f9f178,2,2
bdff3528c,4,0
8398c83ec,4,3
231ad764f,4,3
026c202c6,2,0
f3cb6ffea,4,1
aa68a3672,4,1
a31d4c0f0,4,4
e7b44276b,2,0
bf2f22377,4,4
536475bf3,2,4
db03ddc32,4,4
282c90ff4,4,0
d7d0b2194,4,3
ea3ebc38a,4,4
5ef0ffe23,3,4
4d76c16ab,2,0
c659e8a32,2,4
2c9f807c1,4,2
ca7a148c0,3,2
c29059110,2,1
28cc87730,4,0
3821d75e9,2,4
bc7956085,4,1
cc22a5abf,2,2
f8710e158,3,4
9fceca5de,1,2
2c1c1b557,4,3
d8c1859cb,2,1
1c28dc555,3,1
4b3efcfe0,3,4
f1dc8864e,2,0
6c7fc08e6,2,0
220e9aa26,4,4
f6ae0d580,1,1
b9f58834b,4,4
3f169c299,2,0
e40290fa0,4,0
62b9cb163,3,3
e04814e10,4,2
a831df76b,1,3
d92d4242a,4,0
dc94a986f,2,2
e80389ea3,2,1
e5ea737ec,4,0
3cdbf07be,1,3
2fcdfb0e1,4,0
19abfb0c6,4,1
6afc6acee,4,4
8632f7132,4,4
da8d4a273,4,4
3f50cc4fd,4,3
56e231a77,4,2
dae92dd61,4,3
c46e29741,4,4
4813a0d67,4,1
2739ddaa6,4,1
66fcb54d7,1,4
c44a94d4b,1,1
87bdcbcdd,4,3
6cdfd6a41,4,4
6c9382d17,2,2
e0e8d63df,3,2
85e72abd0,1,2
e68c7d50b,1,2
1ddc14ad6,2,2
4ea7c5d48,4,0
bb15b64ea,2,0
65180c32a,4,4
bec6cc26b,1,4
e0781fb0a,2,3
f39938992,1,4
1b1cf81d4,4,1
f70a1bf5d,1,2
ecaf2b938,2,2
92caf1d01,4,0
b66cae579,1,2
fceb751c7,4,3
ab4ef2577,2,0
1a4464471,2,0
0f9697729,4,1
133af5fc3,3,2
d56674978,2,4
1533ebfd4,2,2
89f28de34,4,2
cbeb9fc1d,1,3
e20a1885f,1,0
17c5ded7d,1,1
c0e61e2f0,2,3
1afdf61ec,3,4
840949648,4,1
5780fe74a,4,4
e5bb33a17,3,1
ba6fee44e,4,3
14c70761a,4,0
859bcc995,2,3
09ef02857,4,0
91e8e97b1,2,1
4909dc5af,4,2
2b3d754de,1,2
36b7411f9,1,2
b589d804e,2,0
8e343f4df,4,1
c8e2a9092,4,4
39c02e302,2,1
c11df559d,4,0
2ce1c6a93,3,3
f2212e16c,1,2
abd7a3201,4,2
aded1fafc,2,0
393365063,3,1
902087c95,3,2
8623ecf43,2,4
cd8e8d7a1,4,0
bc7ea0a3e,2,3
3e9a56447,3,3
fa64cfa4e,1,1
6b574c312,1,4
742dcad55,4,2
2cfbdd28a,4,4
742462799,4,4
c220fd5cc,4,1
675bb16b8,3,3
3757e3734,4,0
b79275092,3,0
9e4e77074,2,2
a2fecc9a4,1,2
e99a775d2,1,3
867308404,2,4
92d830572,3,4
cb9cffdff,4,0
0392c0c81,4,0
c226ecabd,4,2
7648e56db,4,1
cf86cc5ea,3,4
84d1eb4ab,4,1
96353db69,4,4
f90575a63,4,2
35149528a,1,0
ae14a91dc,2,4
687c0c2cd,4,3
d7c661670,3,1
330f0e19a,1,4
8af959627,3,2
711bebb99,4,0
a2c98c186,2,4
c30dd6e9a,1,3
134b82d89,2,2
abf38029d,3,1
eed4b685b,2,2
a460a6274,3,1
bb19c3013,4,1
1c967561d,2,1
3e82bfd8d,1,3
1942485f8,4,4
fb3bd80d1,1,1
8bf2cc0a1,3,1
3d9b4bdc1,2,0
020cd1d50,3,2
058d37dda,4,1
8328ec7f4,2,0
90dd998e2,2,2
d418ea0ad,1,3
bb76bfc79,4,2
230b9040d,1,1
30764a1fa,4,2
076d6f830,2,0
e3a5332ce,4,0
d0d9596e3,4,0
0907a14f3,2,4
2cb9ce5ac,2,1
6666265da,1,0
0ffe99b25,2,0
886e903a4,3,3
d7d371a3d,4,0
752c2658d,2,4
502a2a9db,4,3
09c00211e,4,4
f743a63aa,4,1
8170c6b01,2,0
96a5fd573,4,3
4f4f3cd98,4,3
d6e342121,4,0
db0b0bea6,4,1
015da0878,1,3
6c6a5b5ac,2,0
c260c7b3b,1,4
dffc5cef6,2,3
6c06b0725,4,3
d0a66003d,3,3
b3ff03304,2,4
1d669183f,4,1
0de6709ab,4,1
169fc07e1,1,4
4a91d273b,4,0
0b24f7e7f,4,2
598f1fdae,3,0
76017363e,2,1
6b42c0d29,4,3
2b1f83255,4,2
4e1034525,3,0
80621df6b,3,3
798a0cb05,4,0
ac8fa1b6c,1,1
9d8dab6cd,2,2
e0238b8c2,4,4
38063ee14,4,3
a00eaa0fb,4,3
dd3856456,4,2
9b721dcaf,2,3
c57a0afef,4,0
44cd12263,4,2
3e6d8a2c9,3,1
cd37edf46,3,3
e88f72461,2,3
6679c179c,4,1
0d2394669,2,0
ea7ec0562,4,2
949cb7ee9,4,2
40b1839ea,2,3
9fa760b69,4,1
07b994326,1,4
bfdff0622,4,0
acb802c0c,1,4
8c10b6035,2,0
ff7d25ffb,2,3
9e380d9a2,4,1
b6c93a605,2,1
d4c3abf4c,4,4
a1a9e48a6,2,3
11d3a4c0f,3,1
82137b39f,4,1
a8eed143b,2,2
783a33f4c,4,2
245b99f60,2,2
f759dc332,2,4
492e0cc50,2,4
2f95b343a,4,3
9d2fb911c,4,1
04aa54436,2,4
98128b920,3,3
ccd36a0f2,4,1
4c40ad026,4,3
dd0b58409,2,3
3227c4f2e,1,2
bbff353ce,2,1
b5010c15b,2,4
56c329fdf,4,3
dc76d9fa5,4,0
68d430cbd,4,4
f51e72db2,1,2
8cb6dfa5b,1,4
799a41eba,4,1
ffb6a7f5d,1,3
c6c1048af,4,0
c9d955ac9,4,1
7ceeeb9f2,1,3
b2385d700,2,3
41ce762ce,3,0
3b95539f0,3,2
03c323fcf,3,2
40fa64194,1,4
428fd4ef7,2,0
06c5ddbd6,4,2
26428557f,2,1
57d8f9bdb,1,3
a322972da,1,4
9725fc542,4,1
de67abe0b,4,1
44a541574,4,0
da6950564,4,0
af862a239,1,1
195c119c9,3,1
0e4049f6d,2,4
72bd22c9e,1,0
254dd6ba7,2,2
35a730b12,1,3
afa1e2afb,3,4
3c97d1670,2,0
945a6fa56,1,4
abc9c4207,1,2
c7cb34ee2,2,2
bca4defa4,1,4
0a71e754f,4,3
3859838cf,4,2
f4212d640,2,3
03ae93b48,4,2
eba773cbe,2,0
fac19639c,1,2
546a913cc,2,0
8ece5f3ba,3,2
4a0adfdd0,3,2
7d6d03de2,4,1
cef410e81,2,1
b1c83d13b,1,2
7be394a98,2,3
ba3ee71f8,4,4
1aa527f5a,2,4
884b9a6ec,2,3
0be7a4adf,3,3
6a864757b,3,1
d17343468,2,3
60923a60d,2,4
e4b90955c,4,2
228117dca,2,0
2f3677597,4,4
437bda050,2,1
5357633c0,3,3
ea3de2587,3,4
45d2ddcb8,2,1
0e0d0a9af,3,2
104d9b198,1,2
43c661026,2,0
798f4a1e4,4,3
a8da358d1,4,1
f28036d8a,3,2
9070ef426,2,2
d73b2a4c6,2,1
d2cd71ec2,4,4
0340ac5f7,1,3
b9fa9ce00,2,2
6d089036f,4,2
113920513,4,2
db095d92a,4,3
1ba42eca2,2,2
66038a4b3,4,2
5bd405bac,2,4
50418fb29,3,1
645914c88,1,1
9c5feed55,2,3
e402f3b2f,4,3
a5edf3e84,4,3
a0c64fbad,4,0
afc71f432,4,3
6c4d7b09f,1,4
b3faddf18,4,4
4695c4fb3,4,2
b26374255,1,0
bd881326e,4,1
140ef35de,4,0
fd38d0da0,4,0
5451356cb,4,3
746f52206,1,3
88030e16e,2,1
c13da6b92,3,0
0e49eebb3,4,4
087313ba2,2,3
76a045292,4,0
f9f914ed3,2,2
4012be917,2,1
b97569bc9,2,2
72a7cb335,2,4
62817491e,3,3
7c82670f8,1,3
9df9b11b1,2,2
bdf00be34,3,1
02af3813e,4,4
9d5f190cf,2,2
24c1d5a33,2,1
d8e376a50,3,1
7cf37c7e2,1,3
b92781dca,2,1
8dd28c706,2,3
c4ef3ff97,4,0
db5a260fa,3,1
9d87fbd92,2,3
b9f8cf52a,3,4
5b6add800,2,2
ba030cdba,4,4
01e517961,4,3
e94581522,4,2
802a18435,4,4
a06b5eb73,4,3
e50fb0c6c,4,1
5e203eeaf,3,3
21260b18f,1,3
0063f83c9,1,0
a37e46e35,2,1
1727cfc45,4,3
f2c84786f,1,2
3cc6084ca,4,4
12c65f314,4,3
ff6118cc2,1,0
3060de782,1,0
2e3bfe5a9,3,4
81d404558,4,2
a7be93837,4,2
9664bcecb,4,2
f22f3578c,1,2
a22499988,2,1
2cdaa8a5d,4,0
a3dfe1991,2,4
a9e96f77b,2,1
997db5df5,4,3
954a6e415,1,1
3b15c42d3,2,2
626b056b5,4,4
38c5d4e0e,4,2
773243cf2,2,2
a4c903a3d,4,3
24cc193f3,4,1
5c496f946,2,2
93685a66f,2,2
5b3c81931,3,0
791560e54,1,0
5dff24075,3,1
e6f4d14a0,4,1
abfcb22bc,4,0
0beacc42e,4,4
3a9f1c036,3,2
d4ce7a1ed,1,2
cde5f25db,2,2
27b1bdd40,4,2
caaf719c3,4,4
e3fcd8a2f,2,3
f04c098ed,4,4
58ee93558,4,0
dcf366e02,1,4
3b2b69d20,1,0
221331819,4,2
bf5bf91a2,1,2
502c3e7ae,2,3
9586639e9,1,3
cfa67dca2,4,3
e388a963d,4,3
a22ddc666,2,3
5e0519e3d,4,4
daed3d063,1,1
9b9873716,4,3
df5f12e58,3,4
281618ba5,3,4
bd37ccdd5,3,3
25765058c,4,3
4891fdacd,4,0
06cd6c623,2,4
b921bfb80,4,3
00bfa5da9,4,3
baf7a42fd,4,2
14ae60869,3,3
75a286d8a,1,4
97450a196,2,4
9d24c695e,1,0
05d3e4d55,1,3
d6259561f,3,4
edf74226c,4,3
c8e776446,1,1
bdde3b5ca,3,1
91e663cd2,2,2
0633474d9,3,1
854319675,3,3
cc13183c3,3,0
f0a2122d4,4,2
bf5c5cded,3,4
e09995135,2,0
d476272d7,4,1
56f7b3216,4,1
23829dc63,1,2
e6c3faeed,2,2
01573c686,4,4
7575371db,4,1
4b69bf0e7,2,3
f42161740,2,1
bfe061b7e,1,0
e88aaa263,1,1
9b4dad348,1,1
257a99aa2,4,3
6261c9966,1,3
87aff0121,4,0
7542076e8,4,4
f64813f9e,3,1
417c09a08,2,3
7bfe2d68f,1,4
a6eb71dc0,2,0
1c562d3a8,4,1
31b90821f,4,4
81d82bda3,4,1
21415ffb9,4,3
76b818bdb,1,4
3e25d4fb8,4,1
756025f7c,2,0
570fdcc4d,4,3
dd654a9e7,4,4
5a2c8a05f,4,1
044548f89,2,2
09f75d8e1,2,4
672bc370b,3,0
f9f0a5dfb,2,2
30fff49fd,2,1
a21b6c40a,3,3
35c0c3aca,3,4
54c2d49bb,2,4
8bc07d296,3,1
a2cd5b78a,4,2
2d837689d,4,4
3928a4b23,4,1
c278935de,4,1
e3f51f5e0,2,0
2f0abd493,3,3
649589d9f,2,1
cc068a979,4,2
ada57411b,2,2
605fe21a1,3,0
93d842736,2,2
872317673,4,0
b9da26f0f,4,4
87e1b0c16,4,3
350a14e36,3,4
e1052f933,4,0
387a2639c,4,0
ea1318971,4,4
26365df53,2,2
1635eac9a,4,2
af2f3a166,4,3
283d93104,3,3
6b6cdfdfe,1,1
0edacb2ed,2,4
c03b8b2db,2,1
b84ad40b4,2,3
19fd91f5b,4,4
eaab63bd7,1,0
7bce76c66,1,1
01e5d357f,2,3
615f5dc85,3,2
868fb91f3,4,2
35cf91e6e,1,1
dd8817ccb,2,1
eb652ec07,4,1
d714680ff,2,0
36edc334e,2,0
fdc472b2e,1,3
d25638f81,4,0
62b2ac9fd,1,3
500327aed,4,4
814430b64,1,2
1fbf04fab,4,0
f9e3a51c1,1,4
1f7bf1b32,4,4
b623d9449,4,2
b5033c917,4,3
b1350a4af,4,1
ff96988fc,4,4
2b4003be8,2,2
9697ebf42,1,0
2196b0156,3,1
350116b16,4,2
66125940b,2,0
4482a8d57,1,3
a1fc6f0bb,4,0
b5ff2b987,4,1
81ea0e01a,3,3
df091dc6b,1,4
e464e666d,3,1
6083e589b,2,4
40c0fdccb,4,4
06bfadf29,4,1
fae628c13,3,4
1a91262f6,2,2
a7b53e5ca,2,3
a234c6496,4,1
bdab91b8c,2,3
e1af060fb,1,3
8685b7512,4,4
4cc05c35d,4,4
308034707,3,4
597a7afc2,2,3
1940b59e7,2,4
3501d8f4f,4,2
482fc8a70,4,4
ac1eab621,4,4
38cf8b2f5,2,1
32387ac37,4,3
eb4dbddea,4,1
8c0273869,1,2
1fba9cbc9,4,3
cd565b4f7,4,3
ccdc0f862,2,0
6ad1d75b2,1,4
93a9e05b1,4,3
daf1a8d08,4,4
aa91c3400,1,0
59f4e3255,3,1
937c2e14f,4,0
1d30559d8,3,1
f13ba84ac,1,2
8f639ea65,2,0
7aa0bcef5,4,3
c3ed4c50b,3,3
ae00eded4,3,2
f522ad8d4,4,0
5fdd708f3,2,3
244144067,2,4
c93e63352,3,0
103dd7bb1,4,2
d672df50c,1,1
836b6e6f3,4,1
4555f9273,1,2
d4427513d,2,2
75f574b0a,2,0
2e41f018c,3,2
ef5fcd597,3,2
e808d9fee,4,3
dc996a1a4,1,3
3101ea018,4,3
da7680082,2,2
9fe6f98a5,4,1
997653f86,4,2
130797334,1,4
9115f86cb,4,0
0e88c1c1c,4,3
85188cb67,3,2
24fee0cc4,4,0
3ef5f0537,3,1
d565f7c6f,1,4
c7c443855,4,4
412d6c47d,4,2
768fb166d,2,1
84f065b56,4,0
de8b7400d,4,3
a6e37f91b,3,2
83b2fae5e,4,2
6be26ea05,1,0
9ef3d0eec,4,1
2bbe22924,4,0
1f2c63312,3,2
7f78266ab,2,2
ea03ccbba,4,0
8bacce548,1,2
b9568ee6f,3,1
aece6e7bf,4,4
ece36dc30,1,4
cfe8c6bef,4,4
ca144ac2a,3,4
484915b4f,2,3
90dc0d83f,4,4
87a679d31,4,4
361e79f5f,1,4
1a030d758,2,2
d1dd377ae,2,1
da928b2cd,4,4
41175dcb5,4,1
a7f77b3bd,2,2
5d5942493,2,1
285758945,4,1
c71d537da,2,0
26a4d7052,3,2
ea9ad03dc,4,3
0e1a54250,4,0
406a1e534,2,2
bc22c806a,3,0
c1577c976,4,2
a11245368,4,3
146005aa0,3,0
4407e70f3,1,2
0902b6664,4,1
988c18c10,4,0
7c17de5f6,3,2
0c0bae9fb,3,1
6c5a7a1ef,4,4
1f82a9cd0,2,3
3ae51e685,3,1
bce2ed853,4,4
22f6c0ac6,3,3
b8750b910,1,1
1811b1412,2,3
4a3380641,3,2
2469e58fd,4,4
acb108730,4,2
c5f1eb8b6,1,3
e7e23bfbf,1,1
7e4ac998c,4,1
24357b578,3,0
cf9e48222,2,4
6e77550de,4,3
029b05087,3,4
e59c8fc76,4,0
416d8761e,1,3
e4406b18a,4,1
7adf54516,3,4
e4eb08c79,4,4
89446d475,4,4
163adc370,3,1
e01e4a2fb,2,2
de1a20009,2,3
0b501f1d8,4,4
0f544b558,1,0
ecafbb542,2,0
4b0b7dd2f,4,3
bd9d521c5,3,2
4f6c8d13e,3,4
1eb041ff3,3,0
755f10f8a,4,0
e2cf62da9,4,1
6784b2fcd,4,3
45bec784b,3,4
3c008b0b7,3,1
7ddf00d90,4,2
d7dd71467,4,4
82e86dcbb,2,3
d353b436f,4,4
c74d9c9f3,2,1
8c1658988,2,3
4892ceb8d,4,4
bed78eb25,2,3
c763f19ef,1,2
28c34e5dc,3,2
39e0f5513,1,2
5b11611ff,1,3
e833d08bb,2,2
b5aa169b4,4,3
5183f369d,4,3
99cbd42dc,2,2
f91cc9f0d,2,2
19af88854,4,3
3d8a35224,3,3
2e5e35de8,1,3
f1afd4033,1,1
d6fd7962e,4,0
5ed5663ae,2,3
9e6570928,4,3
7ec72b62f,2,3
0a7798d2b,1,2
4b2aa880a,3,3
27e16a68d,2,3
06c724ada,1,1
46687a6d1,4,1
16abc088f,1,1
326b17344,3,1
63ea7cfeb,2,2
ee4acef8d,3,0
0bf83cc3e,4,2
a76983523,4,2
5bc5b2ced,4,1
3244cff21,1,0
b4060a70e,4,1
8a302ccba,4,2
0d47275d4,1,3
28a0ae4fe,4,1
b278cd182,4,4
a89f8b241,4,1
cf85bd080,2,4
850875906,1,0
4c31c7db9,1,2
b3580fea4,4,3
cc9f9c4c1,2,2
ada1e6f38,1,1
b412a3f6a,3,3
f749cd744,4,2
774de959c,4,3
ad491b969,2,2
a86bbc71f,4,2
2c8ae4c7e,4,0
8bf0f354b,2,2
b3c62d7f8,4,1
26a351904,2,1
e50174698,2,0
daf955524,2,0
76a063a20,3,4
b4eb7f4df,2,1
1b36762d2,1,0
3b7aad341,4,3
470e49e41,3,3
f61c4cead,3,0
2e1853b79,3,1
a92b06d0f,3,1
60c1c2fbd,2,1
17a5487d2,4,4
2831adaff,3,2
f7be274e0,4,1
d8179f4d9,4,1
8e5356302,4,1
9fb8e5e73,2,0
0ced977d7,4,2
348591b3f,1,4
47787f847,4,4
4e797dcdd,4,1
6d4f64bb7,2,2
fb278c21e,4,3
1d2a7f0dd,1,4
030f32f08,4,4
91c2edae8,3,1
8ec043344,4,1
d5ba03e9a,4,4
bea6f651c,4,3
4866e37fe,2,4
4d27ab123,3,1
26ceb4ba8,2,3
93329ec1a,3,4
9a8cbb0c8,4,2
8df053c7e,2,3
8a3efc6c4,3,1
f980544af,1,0
f982548b8,4,2
b279ec774,1,4
2931d3eac,4,0
b62d80c49,1,2
f75724b44,3,3
dafa3b086,2,1
8760ee6e3,4,2
8849d3fe9,2,0
728a08a8b,4,2
39e0cc98e,1,0
9acd96273,4,2
8bc5380ca,2,2
99c2ceb33,1,1
a3d8c3aaa,1,0
a7344d7f5,1,0
af8fdab18,1,0
7d73574ed,4,2
fd32c2466,4,3
d41aa1c62,4,1
a904d6da4,2,3
17b2d4cd6,4,1
41c61ed91,3,3
42e7de7c0,4,0
218f8bb3a,4,3
4fdebca57,2,4
763264fa2,3,4
a1fb1b5bb,3,2
9976d9007,3,3
c5af48975,2,0
f981112a8,3,4
f0ba86cc6,2,0
da80c8aa2,4,4
45f8df95e,3,2
653f94080,4,2
97f683e04,1,0
a0bcee7e2,1,2
b8daff578,3,4
c0f651276,2,1
9b52894bc,4,4
67e7da152,3,0
7295b4948,2,4
a92c2f233,4,2
9aa40019a,4,1
9adf0f234,4,0
dcdf98438,3,3
96a0b8d03,1,0
0d34bfde7,2,4
618430208,2,2
5071e525c,4,1
2a9223451,2,3
b34a57b41,4,1
b8d35b6c3,3,2
f231e1f78,2,2
49a832741,2,0
e78a33d4a,1,2
3bcc3be83,4,3
387701d9d,3,4
976fcf5a9,1,0
5208915a3,2,2
172c8129a,4,3
529025eb8,3,3
2e76362c0,4,0
ca7aa9eec,2,1
dee525fcd,3,4
c9feb3eb3,4,2
7a84326ff,4,0
e3acd4da3,3,3
233ddf40c,2,1
37fadf608,4,1
42ea2e045,4,2
7ee058c3d,4,4
a03da4900,3,3
0abff77fe,3,1
0dff88b6f,2,2
3ba4ccb80,2,4
6819ce556,3,2
0173c456c,4,1
756308d39,1,1
b1cb5d0ec,2,2
1c92ce464,2,1
51366110e,2,3
b857d5ac6,3,1
d83f60849,2,2
943611bd0,1,2
2a154e41c,2,3
216840542,4,3
7da9d50b1,3,4
107c30c6d,4,2
e01f077a7,4,4
e9cf01a21,4,4
a6adb9a9f,2,1
f64fd2354,4,4
4544aecf7,4,1
2262be7e9,2,0
91c023cb7,4,3
19d8b1d8e,2,1
67221a8f8,1,3
4b148edd2,1,1
cc42556cb,1,3
fbf954ea2,1,4
b98316a91,2,4
816005a03,2,2
d72dafbea,4,3
3166b0f31,4,2
9a7885841,3,3
afe19c37c,1,0
5bf976dd7,3,1
87ec8e435,3,2
14b3376eb,2,1
8a0a8eec0,4,3
67d74124e,4,3
0719de933,4,4
caa616482,2,4
d39684633,1,0
4b8b0a817,2,0
8d6c8d486,3,3
c670993fc,1,1
102482c40,4,0
829889fa9,1,3
8e2723a38,4,2
48aa8ee7c,2,2
46ef61c91,1,1
b940cf8b8,4,0
9e9ce66e9,4,4
c1ba2169b,2,3
083f50328,4,2
ef896feeb,4,4
de43c6ce5,2,4
162c1d98a,2,2
e4f17eace,2,1
deda21b9a,2,0
6984c9c58,2,1
92d0ff357,2,0
e2bb56954,4,2
b9d28a286,4,3
429017e9a,3,3
000a290e4,2,3
c78fa1a45,4,4
c60e6aff7,3,2
d1a9104a1,2,3
ad66b0f44,4,2
066521b34,3,1
969b9bb00,2,1
f785304ad,2,4
172555cfd,3,1
f6ec35f31,4,4
faf4fd269,2,4
82db604c8,2,1
175af62c1,2,2
f83695eb0,4,3
a9ec75efb,4,2
9d1b799e7,4,3
c37419ab7,1,4
394c13865,2,0
63dad490d,3,3
c52b99ee2,4,3
1a2816f0f,2,2
b28951b61,4,3
be467e42b,4,0
be7ff8075,3,3
52363327c,4,3
890127ff5,3,3
9deed930d,4,4
dce0ccf91,4,1
1c3793826,2,3
1077fb67a,2,0
b7359384d,2,0
11c88e3be,2,4
2c007007f,1,2
6b0103c04,2,2
687e9c33c,4,4
9003318e5,4,4
2463e0981,4,3
0256cac2b,4,1
e6a856527,2,1
8044a4f7e,4,3
8f9bfc9f4,2,2
706c85343,2,2
2e111f82d,4,4
8717133d3,4,2
2ccf25b91,4,4
2b530d418,4,4
22de1a590,2,4
39444f259,2,2
e5155cda1,2,3
407af6f7d,2,3
8a9c5472e,3,1
934546487,2,3
8ca443ef0,3,1
7e19f2890,2,4
a1e9aae7c,2,1
53923463d,3,1
fee500b95,3,4
0a140a67e,3,1
ab3d83bd1,1,2
8a0cfdd56,4,2
0c859ef92,1,2
1d5be4060,3,4
0acd95320,3,0
b80b51bda,3,4
885c668e4,3,0
4a78a1859,1,3
c60a12958,3,4
b207cf9ea,2,0
8d91ae666,2,1
954243934,4,1
64f41ee68,4,3
bf0dd40e3,3,1
c662b7876,2,4
733f9942b,3,0
564356241,3,0
78e5e19b6,1,4
b3a19b9dd,2,0
8b2be8807,1,4
69ba8d92e,3,3
230e1df8f,1,3
9dfcbe364,3,0
9edf8fff1,1,4
ec9da833d,1,4
88edfa259,2,1
38e12233c,3,0
09f6e29b8,3,4
350208e1a,2,1
5c67a27f5,2,0
e0ec9b89c,2,2
5550a68dc,4,3
fe65d17b1,4,4
76495d7f4,4,3
85ed50b25,1,2
4696fb463,2,3
7115607a0,3,3
dd4f3b8a8,4,0
51714821c,3,3
c7f4e4fb5,2,3
f8d831236,1,2
fc52c0c82,1,2
e9dbf1095,1,3
20f870155,2,2
ebc345fe0,4,2
ad8569001,1,2
ed40421f9,2,4
9b9cadd98,3,0
322b32801,4,2
881d46cc0,2,0
c39e5de99,4,3
bcf546cb8,1,4
f1e99433d,2,2
e0b6196d9,1,2
6824120c3,3,4
8d51c3200,1,1
de591574b,3,1
c76d9c5b9,1,3
8d50d37f8,2,3
48088c0e2,4,1
dd13b36c6,3,4
435f419f9,1,4
507e734af,4,1
3b901ae31,4,0
38fc09756,2,3
d0101e748,4,1
14ee9a2bb,2,3
5d1fa8ddf,2,1
d7de7e8fd,4,0
98e211da3,1,1
037464956,1,2
b9405015b,3,0
01b167b92,3,3
9ba7b7b9c,2,4
8e68a9075,3,4
7d7b5bf2f,2,2
3daf36ca1,3,4
812ec1ab5,2,0
e12797ab1,4,0
54b2051c1,2,3
062633cb1,1,2
52a539ef3,1,4
d0c3c032a,4,1
fd7811109,4,1
f6dc58442,3,3
6840e38e5,1,3
f024e91b9,3,1
cf51903db,4,0
fea8ba32e,4,2
818df5a9f,4,2
6b4a3074d,2,4
ca90f9062,3,3
f0982978a,1,2
19745f3dc,1,1
b1021dc35,3,0
eab44dad9,2,4
804e56f9b,1,2
04e7d89c0,3,2
1436092b4,2,2
a90161422,4,0
5d9feff2e,1,4
54e0ac09d,4,4
d8df310c9,3,0
ef55e89bd,3,2
1ae342ed5,1,2
21d26302c,2,1
1aa8ed8dc,3,3
4e3640544,3,4
bb675d874,2,1
7125e101b,3,2
9699a3d34,2,3
39bf24ec8,3,1
fa97a865d,1,3
9cd08bb2c,3,4
0ef640aaf,4,1
d46569700,1,0
2d725d001,1,1
1fd2f589f,4,0
34fcc459a,4,4
eef0fa0ef,2,4
b3cf90bd1,3,2
b1dd64fa6,3,2
6f0cb510a,1,0
3c0c76a42,4,4
dea0253b6,1,0
6d1596957,4,4
0ea2638e9,3,2
7e87938c3,2,3
37d0748c2,3,1
7f7080e6b,3,0
056cc22d2,4,4
533916bd6,2,1
37884b086,4,0
b62619afd,2,1
1c69743d6,2,3
8ad784999,1,1
cdcaefa4b,2,3
1bea097f1,2,2
a080c1037,2,1
648897870,1,1
cd9c84ec2,1,3
b0c159af4,1,1
e3a680ce0,1,4
8ff0818d5,3,3
fa07f7477,2,1
fb4078a22,3,3
b66715e26,1,0
65dc47112,3,0
1d9604897,2,3
09c629b05,1,4
9c31047a7,1,4
90f1bb168,1,4
64070899d,2,4
3998bcfec,2,3
f6f2f9424,2,2
2f19ac5ab,3,0
a3e7124c8,2,0
a8cfbf446,2,2
ae0bc846b,2,3
553b720c2,3,1
338ccb571,1,3
6608d48b2,2,2
326a3c785,3,1
ca2c00404,2,0
37bbc6060,3,3
0a1b56e66,2,1
1f4378ff6,1,3
eed29a312,3,3
0459c7bb7,4,1
11b20ee8f,2,4
9dca0bf20,3,2
86219b4fe,3,2
a427984f4,2,1
1b59f9f38,3,2
f33f3512e,3,4
8cbae6e2a,1,0
5c62b4a8e,2,1
caa5d1e6b,3,2
a2dc697f6,3,4
6dcce539c,3,0
67e41958c,1,4
3a67f200f,4,3
44da8c2a0,2,0
91e996718,1,4
1e62e6022,1,4
20bf4bf39,1,4
a14f8bd53,4,0
1a1e3aa63,2,1
95636a0d9,1,0
703c9a23b,1,1
2774ef93f,2,2
83defd365,1,4
b114199dd,1,3
714e287c7,3,1
74fb03e51,1,3
32618b795,4,2
41e4574a6,1,1
f47679843,3,2
9b1241ef0,3,0
f0bfe80e3,4,0
60b188249,1,4
14e788800,1,2
5678616cc,1,4
411bba4e8,3,4
939268f8e,2,2
3b4a987ba,4,1
5cba5c76a,3,4
ea303d329,2,2
5ccf203a3,3,0
3bc3e9db2,2,0
63562f208,1,3
8a6ba0a40,4,4
b25d569cd,4,3
7e48ad81b,1,1
ce50f376f,2,4
ade6b8efc,2,2
baa309426,3,3
942af9028,3,3
acd9e66f1,1,0
11cc5a797,4,2
90bcfd0e4,4,4
6085869a7,3,3
35542ae3e,1,1
fb9ae7d12,1,2
e0b36580b,1,3
bd7b805ba,4,0
98ae7d88d,3,0
c15d26817,1,2
7f9f1a2d0,1,0
0243911ea,4,2
06cc44fad,3,0
fd1bf9554,3,3
12e711074,4,0
0497f7012,3,4
9b9e24b37,2,2
1945c0690,4,1
434691342,3,2
8f90bba4c,1,1
522b73db7,3,1
abdeff83f,3,4
df880995b,3,0
5f28b76d7,4,2
7d526090e,1,2
bc4bbcef1,1,3
89df794d1,2,2
c45e47c4c,1,0
bdb0f50e0,2,3
d30dcea91,2,4
cc0eced0d,2,0
71297d780,2,2
4963e95ce,1,4
a1b3dafc9,3,0
6ea65996b,3,0
50d1c2157,2,4
2fe763187,3,0
704737525,1,2
af75249aa,1,0
97b469d4b,2,0
5e17c1fde,1,0
35f9818a7,4,2
60786724b,2,3
4a4d8cadb,2,4
a4dd57b11,1,4
9795221d0,3,3
276ce7f3a,3,1
db08f8564,2,1
1c59513dd,2,2
7b872f1aa,1,4
bcdaf8640,3,2
75ee37fa5,3,1
14580436c,2,3
d77baafda,3,3
959064f3c,2,2
0f27a7baa,1,2
02f7300db,1,0
a952a211e,2,4
ad8b02fcc,2,0
a97467fb6,4,1
c7e3c3270,1,0
7ea900f4d,2,3
f53be74bd,1,4
3a0e3b527,2,0
b8215b5e3,3,0
3ec367f79,3,0
a3af82b71,3,3
277014d80,3,4
1b3dcf712,3,3
1a2c91362,2,0
ed1f38a40,3,0
b756bfae3,2,3
88c07e663,4,1
418a25e6b,1,0
1f467ba22,4,3
4acf3e30e,1,0
de12dc945,1,1
506697cb9,2,3
9882871d9,1,1
d30087066,1,1
bd9e87899,4,1
4e2440e26,4,0
a3f6438ea,1,0
3948f67d7,3,0
894d76b65,1,4
7e0f474bc,1,2
123f15578,4,0
2fa8b64b1,1,1
b0d8b0778,3,0
6cc070892,3,2
66bd449fc,3,1
1b752d78e,2,1
65f56897d,3,4
1c4f5efa8,2,0
9191da7b5,4,2
84d7ac922,2,3
72626612c,2,2
586585da9,1,3
b3fa60bc7,3,2
2679a20fe,3,3
409ad5a23,4,2
63c93929a,4,2
59ad17125,1,2
94ae813d8,1,3
cf49e1549,4,1
fd123a15d,4,2
dc549e010,1,0
14a9958e0,3,3
9193c38af,4,3
b5158ef9e,2,2
d7976886b,1,1
147e587da,4,2
e152df77a,1,3
9ee623346,1,3
493d9cc81,2,3
9676b5e36,3,3
fbaec0999,1,4
cc8459867,1,3
90b438e96,4,4
7942b62ef,2,3
ea678fb08,4,3
086857d70,3,4
dc1c9f8d5,3,4
245bfe92f,3,3
f06cf606d,3,2
72d753384,4,0
aca9ddee7,3,0
343c1f526,3,3
c3b263e8f,3,1
4a4db4d32,2,1
5ab4df736,1,1
3268dcfd0,3,3
e69dd7d09,2,2
e585b064b,1,1
355048bb7,4,0
a9bcc4196,1,2
23874f644,3,3
4cc8c07d5,3,1
86379f12f,2,1
43ff07bab,4,4
8071fcc9c,1,3
8eb5d1d04,2,1
56d6e2c8b,4,1
bba70dd12,3,0
c9d8b22d0,1,3
68ab069e3,4,4
e3d68b63c,3,0
86ce90970,3,0
44d1246e0,1,4
dd2452dfa,1,3
0697d76d2,1,1
5b31b0fa4,4,3
b4809e7d1,4,3
85ec1aac0,4,1
d2be70a4c,2,1
adfd0f0bc,2,0
134e12e92,3,2
115a4b208,3,2
ee6e0abe4,1,4
ef8d291b0,1,1
aba758b7f,3,0
a27a03914,3,0
12ccd5019,2,0
6bbcc7ea5,1,2
a1cb8764d,1,4
cc261e309,1,3
b7d2d752f,1,3
b342437c5,2,1
9b8805c58,1,2
f54941314,2,0
e4abb93bf,3,4
3f1b7bea6,2,2
c03fe7452,2,2
d4e96e3ce,3,3
3e4f81782,2,4
67be298a7,4,1
5d0551d53,2,1
36f3f7027,1,0
67825bf81,2,2
574919b00,3,2
d35c1ab62,2,1
6b94af372,2,2
92d4c1513,2,2
0045ed62a,3,0
1dc8f0fd4,3,4
cb423070b,1,1
52c904832,3,2
96ba0193d,2,3
6dac572be,2,0
43ae30dd8,1,1
1dcd8bc8a,1,1
ebd78e1d4,2,3
f8db6e695,1,3
6efbd2584,4,2
1adf071b0,2,2
5f72e457d,4,4
fffa39a6a,3,1
05a05d562,1,2
ffab93d18,2,1
a1019e087,3,3
489466e53,1,3
ef9b5808b,2,0
e0f46aa3e,2,2
8b1abca6a,2,2
a21f5e84b,1,0
a484694a1,2,3
e26548e11,3,1
0cde9b460,2,1
382dd71c1,4,1
e093c4886,3,2
2c24655fe,1,0
4bff9728d,1,4
ad6387a7e,3,3
ddb95945a,1,0
cfbd5c54d,3,1
9d356b9f6,3,4
479500716,4,2
ad786540e,4,2
1c2dfa92d,2,1
69ba6c8d8,1,0
0cb52145c,1,4
8b65f9305,3,4
018188075,1,4
6dd6363f0,2,3
fb9474822,4,3
a43d578dd,1,0
d404012af,4,1
02f37d829,1,1
9eca51592,2,1
046d3a9d9,2,4
183160bf0,4,3
29bcccb7c,3,1
057e5347f,4,1
cbdeed3f9,1,1
f0057428e,1,4
16349e686,4,1
5dbd7f61b,2,0
07dd9a0a5,3,1
6bf713e5d,3,0
a3eb4fe4d,4,3
2ac3ca459,3,1
939ca33f6,1,3
f9464ddbf,1,0
88db34068,1,2
ec5aeb98a,2,0
485887f4c,2,3
27867018b,4,3
7cbf39f49,2,3
4fe9ef7ce,3,1
27bf3ae34,3,1
5ab1e209b,1,3
1819e298c,1,2
5dace0494,1,3
75fccfb43,4,3
7ca5ee472,1,0
f594a2e18,2,4
c35cc3520,4,3
9b6b350c8,4,1
e73b8f98b,1,3
91df1b68f,1,1
1d1c1d51d,3,0
6d6390b1f,2,2
d3fd60eb9,3,2
29b04f54d,3,4
cb9eb954c,3,4
2b8832432,2,2
839aa5fd0,2,4
c5ee96818,2,0
420f5cd9c,3,1
8ff587b75,3,3
3f5405630,2,3
6c909e8d0,2,2
6264e2ffa,4,3
8c70e9de2,1,0
0d440b00e,2,4
4bef58278,4,2
1acab1703,2,4
f67dcb4b3,1,3
c1653516e,1,1
4e3e41b78,1,2
64ea61ea7,4,0
4999e2693,2,1
dd55841d4,2,0
cd870fb18,2,0
ca1df3f71,4,3
7af4cab5e,3,2
382cc2865,2,1
44bc5f67c,1,0
7b9cc47f0,2,4
4212729be,2,4
bc14cca27,4,3
154d24447,1,2
1e1e7c4ec,2,4
9c1ec9939,3,0
e78e9736a,2,4
affc18183,1,3
518e71b74,3,2
72d68bbd0,3,1
c84e9ae78,2,1
e3883d4f0,1,1
c70a3fcc5,2,4
1ff11cef6,4,3
94918fff6,3,0
b41fd3816,3,3
7c3481fda,3,0
86c131c22,3,4
fe2209833,2,3
87143ebd2,1,1
f726dd490,4,0
f2716e1e5,3,0
9f104904f,4,3
c63dc4adb,2,1
2db012118,1,3
026ebf139,3,2
c573a0ce7,3,3
765bd139e,1,0
f922bd640,4,3
8425c2a48,3,1
5a3ea9e8a,3,2
4f35cb8e6,4,1
d584d51b2,1,4
445c703ff,2,0
e442c149f,2,3
334975a99,3,4
bb2a14bd0,1,3
4bff1ab0b,1,1
69a1bfaa9,1,1
3f568e3a2,1,2
ada93cece,4,2
745fd19b8,3,4
d6b7b63de,2,3
4785a8894,4,3
3e946254a,1,2
9fcc4951d,3,2
4bb0c8226,3,0
677282310,3,4
6a8d98847,3,2
12dd13adf,1,4
045543730,3,1
0b04b1c7a,4,3
08ee62d43,3,1
b567ca662,2,0
85e0c743b,2,3
ad9d334b5,3,0
4501e7e4f,4,3
2d79d25fa,2,4
636d6a0d9,3,2
6c64dd197,1,0
a5f82d04e,1,0
6dac8ec35,3,2
a479a1a6a,3,0
bb5917ca8,1,2
4cc70e613,3,0
bf20ac1c9,1,2
b3f69b209,3,3
314e041cc,3,1
e7a74fca8,3,3
9c87d70e5,1,0
692bde33a,2,1
8b2d9c8f5,4,4
a2124f529,1,1
a091487fb,3,2
09cc3f346,1,4
30917edfa,3,1
95855babf,3,4
8fe2cf87b,2,1
dcba09ff1,1,1
dfe361097,2,4
161de24f6,2,2
d0f8b280d,1,4
f10390965,4,1
f94ea9d92,3,1
086ed2122,3,3
8520800b1,1,3
a09a76aba,1,1
b440a9cf1,4,2
ad6cfec5c,1,3
1d6149d17,4,1
b985b4ff9,2,4
62bf4037c,1,0
4748cdef4,4,4
d3dd7e6a7,4,1
7ed037049,3,1
04391c798,4,1
80255c391,4,1
32148e0fc,1,4
fe3d0c6e4,4,2
42b8f0aa7,1,3
24787403d,3,2
455d243eb,3,2
b7142b615,3,0
66ad04874,4,3
88a264f0d,2,2
9e5011264,4,4
351d29156,1,4
ebbf04d10,3,1
1104fe6bb,4,3
0b819602d,4,1
f57efd0b9,1,3
a43540943,1,3
505ef85e6,1,4
2b34c70e7,1,3
5b9bed882,3,4
5f0bfe5a9,3,0
0deeed2d9,3,3
109d21b69,2,4
7d0aedfb3,2,0
b022c1924,1,2
a08030c6f,4,1
96607bca0,2,2
1d1451061,2,4
469894776,2,0
85f3279a4,3,3
50cbc6c8f,1,0
6219a1e79,3,1
d48e16ef4,4,2
9ff4a6c4f,2,0
bdf4a9ed9,2,4
bd7f4fcee,4,2
4c6fe4100,4,3
6f18704f7,2,1
11a30eacf,4,0
1e6c42df6,3,4
1565d09ad,2,4
95a89f5f2,2,3
12a280806,4,2
10fbc9548,1,2
4298e4c15,1,4
f2aac285e,1,2
56845ff26,4,3
4ae940ec2,2,0
2acc0a068,1,4
937d74077,2,0
20d4ea30e,3,2
6632022cd,2,2
6b0da38ae,1,4
98e1a3f01,1,1
c91873618,2,2
a993cd91a,2,3
979d48d7b,1,3
0b3763054,3,0
6786609aa,1,2
120ae4dd3,3,4
5096467b6,4,2
fd740c8dc,1,2
b3f83cef6,1,4
120805f93,3,0
81d6d070c,1,0
fd2f64ea7,4,3
53b89efb9,1,4
5a181c011,2,1
3e82e76cb,3,0
ef06f5641,2,4
3bc0357ce,3,0
099115d38,2,4
79b439763,2,1
1d13441b9,3,0
fee5e43b2,3,4
8e0d93659,4,3
5f79b840f,2,4
f8b975c1f,2,1
871a00e21,1,0
59a3ee7ff,1,4
476d40031,3,4
9d76ed82f,2,4
beb93c6ab,4,2
de41ebc79,2,3
dbe634a4c,2,3
b446053b6,1,4
c220b4764,1,1
0d3081480,1,0
9dfee7db3,2,3
1380b76cf,2,4
84b297843,4,4
6bed4e9d5,3,2
7cf995ca4,1,0
eb7f34ac5,2,3
bd54c995a,1,0
f03a41229,2,4
e8f6ede8c,2,2
4d767b639,2,0
ef0b07c6b,3,3
365aaebc8,2,2
dcd0002db,2,3
1d8dd930a,1,0
52c49d6b6,1,3
80034deb8,3,0
48c9474d9,2,2
6b29b45d9,2,4
33f28ad35,4,1
2f0805ceb,3,0
fb9783859,4,1
e348d720a,3,0
1d373c973,4,0
b9e27a268,3,4
6c55e596d,1,2
e0bf99ea2,2,2
184a51562,1,2
a16c6d55d,1,0
3de1de812,3,0
aa0d42c80,1,1
258026ebe,3,1
3a1f2a306,2,2
e86d8e932,4,2
72b0f5c4d,2,0
43ddb2eb4,2,4
2dd6e4186,2,1
66f6cd1cb,4,1
20559d623,3,2
f845bd0c0,2,3
6ea2ddaf2,1,0
e6645c764,2,3
543130f60,4,1
c382bae22,3,0
79786edcd,4,0
aecff5a85,3,1
cd89328a8,3,1
d9f512b8b,3,1
6e06e37bc,3,2
d9fca8be8,3,3
22992ecd0,1,3
539177546,1,4
996b92780,2,4
dfdbfce71,2,0
e5ffc0a9d,3,2
f99a5e817,4,3
3ee05e0d5,3,2
2352b7f0e,4,3
02401db5e,1,2
b0c2a069c,3,3
3c43b7541,4,4
c239d1834,3,0
2d19917cb,2,4
06afa3c64,3,0
f86f15c15,4,0
d4b2dcfb6,4,3
d560b8003,1,0
ce971a506,3,2
a21b2a42c,1,0
c39793853,3,1
f77a6e11c,2,4
6cb5e1b06,1,0
81ffabdc8,2,1
8d92ada81,1,0
1c4d6faac,4,4
f52510492,3,1
96ad2141c,2,4
c4ea89ddb,1,3
897fde926,2,3
e7fae9937,3,1
5f3a4dab0,3,4
d4c6c89ab,3,4
2619f003d,1,1
46fdbf640,3,3
6d22192b4,4,2
27ce98a2e,4,2
0fa63169f,4,0
4dcee3363,1,2
48615e613,1,4
725ee6572,3,3
137916924,4,2
d6b0d8aa9,4,4
18734d13e,1,0
a31b05e99,2,0
8ff8aefca,1,2
faf13c5cd,3,3
a2cf852c0,1,3
7fb135352,2,0
e507f855b,4,2
a972114e1,4,0
df09bd082,3,4
29e6c171d,2,1
388cd5b9c,1,2
4edc9ecc5,1,1
059d8d91f,4,3
47cda4c03,3,1
7d7eef3d3,2,4
b05a3ca1d,1,1
2e1fcc8c4,1,4
58a10d0cd,4,1
fe83618e5,1,2
18427ab22,3,3
98231df17,4,3
bbdcd94a9,4,3
208beeb80,2,0
a143b5edf,1,3
48cb3c66a,1,4
fb6c5726f,4,1
c863daf49,3,1
e60bbc064,2,4
bd0a144b0,1,4
3c7dd9982,1,0
748943e29,2,3
7b3332622,2,4
662564431,1,1
3afe6f1fc,2,0
cd4b05b8c,4,4
c14530f38,1,2
99d5d4d41,3,0
0f24b6cd6,1,0
fe3a83fe5,1,1
9981290b2,4,2
82aa52460,3,1
add617e3c,1,3
86e49d18d,4,0
75310196e,4,3
a0c1384d1,3,3
3acfe9fcd,4,2
7395e5c70,3,2
4427541c0,1,0
2185647c2,4,4
1a2f33fec,2,2
16504b328,3,0
3004c3401,4,2
d1d9012db,1,2
35d860fe5,3,3
ef8782012,1,0
9817c3ef1,3,4
2b6fe231b,3,4
6be0a8fcd,3,1
da3702af2,2,4
c994bc1b2,2,2
ef5b463d4,4,1
f53c216e2,2,1
9278f7216,2,0
206dbf18e,1,1
2cf4994e7,4,3
c7b468b32,4,0
0bd394ec8,4,4
7db48c47a,4,3
75a803430,4,0
76de48e98,1,2
d5b9e0322,1,4
6f07e7abf,1,2
1dd6be0bc,3,2
8daa38a67,2,3
a362ad62e,2,2
1c6e35149,2,4
5382ef1e5,3,3
17d90c2d9,4,0
3fc2f9495,2,2
38733d0a1,1,2
c64c9e2d4,4,4
acc81bdf5,2,4
d37c4c951,2,1
c51c9e136,3,0
991519fdb,3,0
9c803d826,1,2
edef78673,2,0
c9364a529,4,3
89c28aad0,3,2
e13c47053,2,4
1c74d62ed,4,3
70b3d1f9c,2,0
99558286a,3,4
35225eb67,4,4
047c20d1a,3,4
4e8daf8fd,2,3
eac15ca35,3,4
3595648ea,1,2
92ee6241d,3,4
266aee5b3,2,4
d3a6a081b,3,2
b03983a09,2,0
cbf6b6e42,1,3
186779691,2,1
acca0b2ed,1,1
319e533b6,4,2
0a5be413e,3,4
34fd2f89a,3,2
a21f183ed,2,1
80599c4f4,3,1
ce0fbe463,3,4
6c14f7807,3,3
f2f8980cd,4,0
a345b4406,2,4
0b807a7dd,3,0
f1da458ce,3,0
99c7658be,1,2
269d8414a,3,2
6984b9727,3,1
57aa560b5,4,1
748207a86,3,2
f5f1ea56c,1,1
67a68df4a,4,2
ab8386c6d,4,2
19caeb6b5,3,3
db1f9bca1,4,2
81eb7857d,4,2
b690774cb,3,3
f0d5ff33a,3,1
62c16fa1a,1,1
5328a3ad8,2,4
9d8e58a2e,3,1
495528ba4,2,1
abe27623b,3,2
e6ae12115,1,1
9684a1603,4,4
96cbe1e48,3,0
1c7a27088,3,3
444d1c6d6,3,2
18da94e9d,3,1
43b5d3f4d,2,2
ca121ab91,3,4
57b35b749,2,1
c5d0fdfac,3,3
c81372ddd,4,3
efbd4c1e6,3,2
7af09e92f,4,0
f45beac10,4,0
b0d54f76e,1,4
c9a4f831b,1,0
78c894840,4,4
86d42fe3f,2,4
e3e339d6f,2,3
2204729ca,1,1
48b418070,3,3
b79df3351,1,0
020fbbc9d,4,4
30eb0f9e6,3,3
339a623c4,4,2
8240f1522,3,4
5eacd0a22,2,0
9fe3f6afa,3,0
de01d00eb,1,4
d3c880313,2,4
18ef93321,3,1
5ab429fcb,2,1
2d70f6a57,3,3
941eb9304,3,2
1a9733afb,2,2
6ba094bf4,3,3
a8b358af2,1,3
3c79a5547,2,4
e315452b5,4,4
5ebc60bb5,2,1
083787e4a,2,3
ee57c8d53,3,0
c120a6f75,4,1
3181e5424,4,0
e42a8863f,1,3
5edf4d9bb,3,0
1a2c23d4c,1,3
c4a2fd15a,3,0
ff22356ef,3,2
f0bb05fc7,4,1
3b4f31dc0,2,1
cba2fb07e,4,2
ea087d248,4,2
1633b105b,2,3
9e399c659,1,4
ca21c4266,1,3
ec496eb44,2,0
4e3e1ac61,4,1
459729cda,3,0
df12e4d3b,1,3
a5c5278b8,2,3
9024c21fc,4,2
fa3b3b348,4,2
9bfb6a77f,2,3
310b5199f,4,4
9c714104f,3,4
ebff4722c,2,1
238c76ea1,3,2
e0e2880ae,3,0
f77a10b5f,2,0
edb8ace3a,1,3
7fa3ab674,1,2
4f1a882b3,2,2
e013ab581,4,4
7fea70079,2,2
0e6c32c9f,1,2
1ef7f27ab,3,3
cbc7dc778,1,1
a9f2b6e32,3,4
e9e263ee2,4,4
9a38d4275,1,3
942b2ba7d,4,1
f8530e295,2,0
3712c63fd,2,2
1b08020b7,4,0
da2cdb505,2,0
47a5a9516,4,2
148f526cb,3,4
46e25aa2b,1,3
7baa8082a,3,0
53f3e56a3,2,0
c69bdf768,1,0
d8697f0fd,3,3
4c04c9cba,2,4
ab519bf92,4,0
bf12ff750,3,1
76c194060,2,1
30e66b835,4,2
170fa3d49,3,3
8b6f2ff52,3,1
0f6c2d090,3,3
0d20efa95,3,3
2d8ec2cff,2,0
2a73c2356,4,1
7e2ce5b3e,2,3
40c204453,1,2
d2f04a19a,4,0
fc19f9c36,3,1
6ef7f0012,2,0
f90722a00,4,2
82d9cd76e,3,1
267162afd,1,1
79e5de9a7,1,3
9ca6debf5,2,4
fe4bb01a6,3,0
8bdffc917,1,0
c712cfd20,1,3
7c787403c,2,2
833c51fd2,4,3
a5b4b663d,4,1
eea7548f0,1,1
e2204552c,4,2
c38afccab,2,0
03f130f5f,2,4
05935bf08,4,3
1aaa74b35,2,4
63f2be2e0,2,4
9223ae4c4,2,3
269a6756f,2,4
1b6c5e07e,4,4
3fccff52b,2,1
352522dbd,2,4
0a266921d,1,3
226e8fe7c,4,4
f29afd123,2,2
b477ad589,3,1
de2d4f372,1,1
6d8793638,1,0
0935ab38b,4,4
c8b79357a,2,0
0ce98d199,3,0
2083834e2,4,4
9c583aec6,1,3
105456da4,4,2
784e466b1,1,2
1b945f406,4,1
621b83ac7,3,1
e4424b719,3,0
f500d6361,1,0
32918fcdf,4,4
01e5e057b,3,4
b8088575c,4,4
147bd18e0,3,1
784ec5ba3,2,1
467614705,2,0
c272d9284,3,3
861d65847,1,4
8cf93cab0,4,3
06df96299,2,0
664d0bed8,3,2
133cc5f19,3,2
e16fc7feb,4,0
f160ae385,3,0
70fb603fd,2,1
ed97d1485,4,4
09ca98f7b,3,4
8bb1c8a6f,2,4
80ae0a34f,2,2
5b4745340,4,3
628439a3a,2,4
46dea66ea,1,1
4103336dd,2,3
6ec9364a7,1,3
f9b0d3370,2,3
183eb3fe5,3,2
ace3a3299,3,4
5dd3f3eb0,1,0
ace8a42bd,3,3
daabe5f9d,3,4
99ba1c605,4,3
59e6d1d66,1,0
c66def50c,1,0
c5422c04b,3,1
91d6a2898,1,0
d20ea312e,3,2
f391fc44e,2,4
c0bc43dd6,4,3
e6dff6d40,4,0
167233db2,3,0
a94208b35,4,0
6e3631a29,1,0
8a811328d,4,2
cf68421ff,4,1
304f1260c,1,3
ab87287a4,4,4
c12883eaa,3,2
d8727d356,3,2
dcb42ee1e,2,3
8361219e7,2,4
b99d5d532,4,2
5fe2e44a2,4,2
5962cfdd9,2,1
bed5b657b,3,2
6257ac9e4,3,4
1bbb46822,3,3
0c5fe8151,4,3
18f45d2ad,3,4
5b7fd5349,3,0
685b2cbe4,3,1
325a6a746,4,2
2f595e715,2,4
6e643eba1,4,1
6bf6880bd,3,2
ccccfeabe,2,3
d6ad64584,1,0
73a25206b,1,2
3433731c5,1,2
283d0763f,1,1
642a88a93,3,3
fe38b7b23,1,2
50ef65df7,2,3
6c7251bc8,2,4
abe8790ba,2,3
bea39d7ec,3,0
fc537bc7f,1,4
64a3f89ee,1,1
ed8e10562,3,4
9a96189d5,3,2
89c2d660c,1,1
d3c79cf76,3,3
ab09748d1,2,1
cdd50f583,3,1
7133307db,2,4
681be6214,1,1
c1278fe60,2,3
8421c66e6,3,1
78f87a45d,4,0
db4a0242a,3,2
3ce643dc5,2,4
9da5c9d23,2,0
0b3f851f0,3,4
22cf2902d,3,1
22e9d72ce,3,0
8fc9d6c1a,2,1
191043d9c,4,1
b95928aef,3,2
f729f19c5,4,2
2483a71c4,3,1
37438ea50,3,2
fe9e5aa06,1,2
3c3b9b731,4,4
585a705fc,1,0
b4d341b10,2,4
180f1ef16,3,1
85fd5df90,4,4
42103b22e,4,3
7b49d0924,4,0
cef75bfab,3,4
c04cf0018,2,4
36cc00cf3,3,0
ccd14639f,3,2
4b949e5c7,3,2
5fd83540b,3,1
c68815d52,3,2
25bdd7d90,3,0
46f6472bb,2,1
a2e82a58a,3,2
944db63df,3,2
deb0ad8cd,4,3
6381b1706,4,3
100aed9a3,3,0
56b63bfb3,3,1
cf2ae9919,1,0
b906d9b78,2,3
df8425410,2,3
0fa6ba30b,1,1
4cdb41608,2,2
f24991ef7,4,2
54ec12bf6,3,2
a73b9eafd,4,1
e65daf4dd,4,4
f5fc7d4a5,4,3
b1307cb03,2,1
bfdde77ff,2,1
0d7247d3e,1,4
31dbaafaa,3,2
a99968c35,1,3
029469d58,2,3
cae5c7ef1,2,3
12e747332,3,1
965adb809,2,3
22a7a8a13,1,1
fa0295935,1,4
02387e247,4,4
7b8d76961,4,0
ebd128d90,4,1
da7bed1f8,3,0
2630db5dc,1,1
70ffcfbcb,4,4
a8249d599,2,3
3c273e42f,1,2
baefc2985,3,2
b58cef42d,2,4
4ef15a1c6,2,3
3b4b4cb9c,3,1
102ed9019,2,4
926070c80,4,2
dba9050f5,4,3
ed5c2d9dd,2,3
5b07e0e6a,2,4
7509ed502,4,0
a686164c9,3,4
734459ad1,3,3
878214747,1,2
4ec3a7275,2,3
38436063c,2,4
06db81e31,2,4
a9575b655,3,2
fafa7ddb0,4,3
0858e3a6e,3,2
37e2f042b,1,0
faa62a75b,4,2
e73146163,2,4
ed5b8276f,1,1
5f5bd40ca,1,1
0a20eaed8,2,2
53bb1d133,3,2
e4f117930,2,1
89f229ee8,2,2
e6335223e,3,4
9f0635623,3,1
92a173c59,3,4
4ce0b81f5,1,0
c7a324d3d,3,2
7cc9b21fd,3,3
db61b1f31,1,0
7abe9a0a1,3,3
4cb8fe436,1,3
2618aa6a2,2,1
76aa06fb0,1,1
d15a5363e,3,3
2cd806c03,3,2
e2101b7d1,3,3
dd579722a,4,0
fddd6ef11,1,0
804d08f42,4,3
26a1a063b,2,1
9351d5173,1,3
b82ec4b47,3,0
8368a0a44,3,0
965054b9e,2,1
c66946e39,2,3
e9e06e3f6,2,3
c8519aacb,1,0
8b1b5fcfc,2,3
c2eec623c,4,4
ca3312b77,4,1
7a785a607,4,3
eb22ed27d,3,3
79f8b048f,2,1
39e9ecb70,1,0
0822db812,4,3
74d7a26bc,3,1
5009ff19c,1,0
f53e55959,3,2
a9be5c4ab,1,3
718a5d950,1,2
6da06ed36,4,0
d21ed8b84,3,2
83d94a6e6,2,2
05312ba72,4,2
e3dbfe4c0,3,3
1eeb4ea81,2,1
3cc84c2f8,1,0
148686ce8,4,2
31b3d9b10,4,0
6c7db281b,4,0
e723eee29,3,1
d7f938acd,1,3
c54b26d73,3,0
e77f9e778,3,2
b6661be84,1,2
77c076881,2,3
9e2039291,1,3
67994352b,3,1
e6c917eb2,4,4
53895ad35,1,0
0f122f712,1,4
45ea16ef8,3,0
6917782f7,3,4
f44a6cdaf,1,4
cc60d07c7,2,2
517a669f2,2,4
67ef0c9a6,4,2
99a994cb1,3,2
c996b2baf,1,0
a42c62fc0,2,4
e10252ca3,4,2
bf6ef8c07,3,0
d1fa13f8d,2,1
729f4d5fa,1,4
38e87cee8,4,1
e6292a7b6,3,1
57dcbe4c9,4,4
afc933f32,2,0
21a7f4896,4,0
ab10e0e8c,2,2
8e1111452,2,1
7d7e57f81,3,3
9a5da8156,3,1
db957842b,1,3
49a867af7,1,2
22e1f3438,2,3
0594ed847,3,0
9c68827b5,4,4
33a9dff78,2,2
a40a230be,2,2
3f834da3b,1,0
158b502d3,3,4
98565468b,2,4
e0f3c756a,4,0
5a289a426,2,4
235572f38,1,0
11b3fd45f,2,2
cbaabed93,2,4
34221a4f8,1,1
eb81b0503,3,3
fbed8fc1a,2,2
d538c491f,4,1
508f87cfc,3,2
e4460cb03,1,4
ee93b2d47,3,4
f3b52a69c,2,0
f7675eb96,1,4
5f235ec16,1,3
cbd6b3064,1,2
c5072890c,4,4
97db95d21,4,3
8cba08869,3,4
699ee7fa6,3,1
059baa037,4,0
786486296,4,4
68b8dab3b,1,3
6b5f208fc,1,4
8b8229f52,1,2
19db3e21f,4,3
e47aeed72,1,4
af514b027,1,4
d83dd7fc2,3,0
ea7fc7f4f,4,0
685010499,3,4
bc7eb8b16,2,1
d26ebd584,3,4
9f194db92,3,3
2a556d826,3,2
88cc9be30,2,2
cdcd32165,2,2
00f63c6fc,4,4
ab503c64a,4,2
f454ac205,3,0
c874c7c7c,1,2
611970ebc,3,3
3313aa06f,2,1
d680ddf5d,1,4
64f06dc3b,1,3
8a15669da,4,4
db8a8df8a,4,1
3ea49aa4f,4,0
cea2544a7,3,3
ddae7aede,2,2
ae52ea5c4,2,4
a1c1dbf8a,1,0
5971694db,1,1
dbabe4e51,4,0
355743336,1,0
355756bdc,4,4
184ea777b,3,3
36bb93372,4,0
596d784b2,2,3
f17d4ab32,4,1
d4f31b018,3,2
a68e8378d,3,3
163133ac9,1,3
11a993099,1,4
52e555a3a,1,3
b49c33f08,1,4
770eca5eb,4,2
9c4af0f83,3,3
daad5c208,2,2
ab41920c4,4,3
b82317efb,1,1
b1818e562,3,3
902624c4b,2,1
2a06a5244,3,3
e472219f1,3,0
74517d04f,3,4
7b8924342,1,0
603dbe569,1,2
f888d5f54,2,4
90204109f,1,2
f60ee7233,4,3
48432dfa0,4,1
3eb8ef7b3,4,1
21a56b530,1,0
c2ec1becc,4,0
a768123bd,4,3
f222ca167,3,1
577d15fea,3,3
1f72d4b56,1,2
f95db0cb5,2,1
426bb5e4c,2,2
e3749ff79,2,4
6561001c8,3,1
6cdc6cab4,3,4
5a3113fdd,1,3
64f5e2165,3,4
b310f969f,4,1
502d58dea,1,2
d0bf2b3bf,1,1
013527aeb,1,3
a009a2f0f,1,1
00af25fc0,2,2
b5b6b9398,4,2
bb5f471dd,2,1
c1f16a59a,1,3
6f1e6e8ed,3,3
9ce27322b,1,1
c58018973,3,0
189bb90dc,1,1
dd5797b7f,1,0
78b51f6a0,4,4
ca74b17a9,1,1
476b3dbe5,1,2
1b6d1b049,1,2
01ba86830,1,4
6f14bc8cd,1,3
e3427692e,1,2
9160fdb5f,4,2
a85457e16,2,0
2d441a71b,4,0
0ff50cbd5,3,2
a9772bfa3,2,2
7867f152c,1,0
23941ded4,3,0
69df3f618,1,1
efa71e34a,3,1
a6c9fd936,2,4
e418eb448,1,4
3335796f3,3,0
f06da7096,2,1
62dc0532f,2,1
239844635,4,3
ab94dbe57,3,0
e811cd880,4,1
4d2dec2f3,1,2
92935062a,3,4
cdb4a7a7d,1,3
25ef79825,1,1
8d5678b98,3,4
7a5091ca2,2,3
b67778d17,2,2
889ae00e3,4,2
865e968b4,3,3
ac813296c,3,1
a978a37e7,1,4
90ce48a71,2,2
9a1a1d801,2,2
5ee1c77a0,4,3
8dfc9cc69,3,1
404eb3b06,1,1
88c0e21d1,2,0
c82e4964c,3,0
2a5e70892,4,3
f6c14900d,3,0
6774f84e3,1,1
3d985e1bf,1,1
e2f39a17e,2,0
fadae6510,3,4
204ca9f14,2,2
607744326,4,1
e633386b0,4,2
1fecd2bab,2,0
0b4a33baa,3,4
086e528f0,4,0
015c353ce,3,1
c2deaf1e4,2,2
10e27da02,1,4
9945b5ac5,2,0
271bb0de8,2,4
8685a0b1c,1,2
73c4d95a2,2,1
7d1d0d496,3,4
eb8aeff64,3,1
f819c7b65,4,3
b08012e7f,2,0
44fff524f,4,4
5407c6e1a,3,3
e90137a54,4,4
91a4c6b77,4,0
e86af84c5,3,0
77d395a82,3,3
072ae6d9e,1,4
db77fdb46,4,4
5884b684d,1,0
761523328,1,0
8a7fcc8cd,3,3
215b68785,3,4
ecad98f44,2,1
6ea6cde88,3,3
035ff37c6,1,2
e935ae1d8,1,4
f6e56c908,4,2
0499e1ea8,2,1
03ea48efa,3,2
8aaff4d83,2,1
c026becc2,3,1
082838f84,3,3
b460a9761,1,1
4dff83c9f,3,3
628f11673,1,3
1b5e18242,2,4
0c5dbd29f,1,1
1398adca0,1,3
5ff1a0cae,2,3
279a5187c,1,2
5bd62c76f,1,0
bb74a9d58,3,2
243f7f43e,4,3
2962fc103,1,2
f84b22dae,3,2
4f279d30c,2,3
58a4768a6,3,2
22145fe75,1,0
1171c9a41,4,3
86e1089a3,2,4
4f8a564a2,3,4
bf8aa8f96,4,2
7a7835503,4,1
9f2948e8e,2,1
d4e6a9aab,1,2
894da0f10,3,4
cf7d3eec0,2,3
53ef098c0,1,4
244cca93e,3,3
9b1b9876d,3,1
2f4c6ada3,3,0
4a9793dfb,1,0
dde0775b8,3,3
ba2d4e877,2,3
0f366f264,2,1
f5170bc70,3,3
3bb5061e6,2,0
cf574d89c,3,1
319f3e6e7,4,4
078a26f06,4,2
db0875ffd,1,3
e3897d3cb,4,3
6a5c652b5,4,1
76024f2ed,2,0
f1d86e6ea,4,0
3be9dc4cd,4,2
b16c55a91,2,3
ffaa73202,3,1
252b8d395,4,4
406f92f52,3,3
0f796d3f9,1,3
4b378329b,3,1
189637f90,1,0
34dc86aae,1,1
2bf2c6260,3,1
1dc90fbb8,1,1
afe326f34,3,2
5c94ecc07,1,2
cea713af9,3,3
6cf098e3a,1,4
56e91b142,4,0
c8b38c65e,4,4
ae0076e01,1,4
ac1b33d79,1,0
3d8760efc,1,2
db05d2fb1,1,1
4068b452d,4,3
e4eccb132,1,1
569e2b299,4,2
34cedf9bb,1,2
f5b2c6fc0,2,2
45271caa8,2,1
14357e2ed,3,0
4c0de1708,2,1
aa0f2c425,2,0
d246be504,3,3
a58d8080b,3,2
cb5e73024,4,0
d3ebee32b,1,0
90b927fdd,3,0
5dbb2fd0b,3,4
4d6350e54,1,2
779d50e4f,2,2
2959602fc,1,3
2c5f2907a,2,0
cce8fa6c2,2,2
d168549f2,2,3
3ea3cf8d4,2,2
9fb0aedb7,2,0
ce0412bad,3,0
32eb3673a,1,3
a04923326,3,2
85ff0f493,2,2
8a1b27ab1,3,4
c0604b559,1,2
2b31f1be3,1,2
fe854f6a1,1,3
d31e4c6c8,4,2
4cfbb4616,1,4
c9cc0915c,3,3
fb9390214,2,0
610c05772,1,1
f7b67fd7f,1,0
e3a372f31,1,4
86c1be8f0,2,2
5c881b941,3,4
380eaa884,2,3
cc54b47b4,3,0
749afb385,3,0
a572b746b,2,4
6ef02d7e9,3,1
874e791f9,4,4
b178f36d1,4,1
0111f92ff,1,1
138c79a01,1,4
7bf5ab7bd,3,4
6f36088f5,3,3
3a8f89229,1,4
1bbadc050,4,0
572e98234,4,1
f31cebfd0,2,1
92db7f14c,1,0
fa0010ce5,4,4
8b9739cef,2,4
fc02869d9,4,2
91d230036,1,4
1e5aeb31d,2,2
77c9c2e64,2,0
fc43d7ddb,3,0
55b797c90,3,4
ff14c3dbe,3,3
fa2c37e6a,4,0
196b39897,4,1
dac60bd9c,2,2
3a93093cc,3,4
07218c870,3,2
eb21c0250,2,0
6295b5bc0,4,1
bcee746ce,2,0
9d82e4438,2,4
2625dcb50,2,2
75fc7829e,1,1
0936ce7b4,2,1
b6684c4b7,3,4
24ea0569a,1,4
0636650db,1,2
94f353c2f,4,4
cd067a495,3,0
6fef6e555,2,1
0637293ec,1,3
3b8b38508,3,4
249112486,4,0
cb8193d43,1,0
1d72ec242,3,4
0146f6d2c,1,2
230232e58,2,4
5aeba94a3,4,1
bfdd20655,2,3
2563127ad,4,4
958a86135,2,1
8f1bdc253,2,3
146d950bc,1,4
4effbea00,3,4
91697ee90,1,4
1a67ffb8b,1,2
20845a37b,4,1
c33220375,2,2
0977caea0,3,3
cc9c0e1e7,1,2
4dbcd1d36,2,2
e48598033,2,3
392df6910,3,3
4d7fd1ee8,3,4
bb6276b35,3,0
672ddf4a9,1,1
11960b9ed,3,3
a05674125,3,1
22d381889,3,0
907f77c78,3,1
a2a899dab,3,2
fca85f778,3,3
106e252d9,3,1
d4bc5b7ca,3,1
4baa2968b,2,4
4dad8252f,1,4
8a2998a32,3,1
a6593fb48,3,2
02c7d1b74,4,1
74b9e9fc0,4,2
6dbb13673,4,3
2a1bd7d28,4,3
dd36ab692,1,1
36ccd9729,3,1
7d4f585b5,1,2
694653d6a,2,3
6da53f587,1,2
e772235aa,2,0
c2490d2cf,2,0
3c2a1ed3b,1,0
15adc8d48,3,1
d04fbf327,1,2
0e49c7f19,1,2
918fab9e8,2,2
6a9d18d89,3,1
f85ae1408,4,2
af9279a3f,1,3
69d8727b7,1,0
6b6d2c65f,1,1
6be53d844,1,3
b672b7465,1,2
ee8c56246,4,0
9b515d697,1,3
b67261194,4,2
2c7a8ea18,2,1
9304f9f8b,2,4
f5a34370d,4,1
4084b0a93,4,1
90592e40c,2,4
dfb59bbe9,4,2
6dcb51c02,2,4
0b57ed86a,2,3
99558ec92,2,0
72bb30805,4,0
48f8d1d90,2,3
2edce7d92,1,3
7986a1870,2,2
37f8a39c4,4,0
d6cfa5d4b,3,3
3d7204289,2,1
7dcd7351d,2,3
a892f5fd3,4,2
bd763ab11,1,1
3991dd72d,2,2
ba5526238,3,2
5f8d00436,3,0
eb8adeef1,1,1
9ab7e48e8,2,0
4a8ac8bff,4,0
451d64f26,2,0
f8c6ed1a5,4,4
3c778df64,4,1
fa9df3011,1,3
5145f87a0,3,3
35296e056,3,4
fe0e76ddf,1,0
f91147e5f,4,4
26bba34a6,4,0
fc229a9d7,3,4
e17f6ac56,3,0
f72d7a939,1,0
92d5ac408,2,0
dbe30d86f,3,4
59cf08ff3,3,0
605eca728,1,0
9c7476c25,1,1
01802debf,3,3
25f6db0fd,2,1
c30f7cde0,2,1
cd4624a1a,1,0
4082acebb,4,0
e11190906,4,3
e1e58cd50,2,3
0a4fc94e5,2,0
7fbd06366,1,4
7aefa7eeb,2,2
65b05f438,1,0
992feb0f1,2,0
567c1ab71,1,0
59ee91cf8,1,3
35a62a8b1,4,2
ec0316213,4,4
c92256e41,2,1
9e046289f,3,3
ebd3ef2f9,3,3
9e6abcf6c,2,4
813658b4b,1,0
58fe1756c,2,3
ee9ba4990,2,4
770f24682,4,4
fdb03c163,3,3
98c17f102,2,2
5e4154870,1,2
a5f6e77bf,4,3
7d7fddaed,1,4
0532bf9d3,2,3
93ccba02b,3,4
0a6b9433e,2,4
6d84d3a2f,4,1
3e0ce6020,1,3
3d9346cfb,4,1
3bb43df82,3,0
5c82c5903,4,3
d005caf41,2,1
fa18941f4,2,4
a30803552,4,4
8648922dd,4,4
73a2be705,2,1
1877d9a0d,3,4
087804d85,1,2
9167921b2,4,1
2b82af067,4,4
93cfea76a,4,0
e64404196,2,2
e267af6d8,2,0
403aa5c4b,2,2
d2dd62cf2,2,1
4552e7972,1,1
e910d17de,1,0
cb9527612,3,2
ba8d53f1e,4,4
3f03da51e,1,1
0c3ce1826,2,4
0d4b69793,2,4
f310c42f2,4,4
d9c0e3284,2,1
7cbe52a0f,1,4
11f062cb4,4,3
de2460808,1,3
37fb97f8b,2,3
c92cdf20c,3,4
b686d33cd,2,1
fecec878e,4,1
40501d365,3,3
ad19a6ee0,1,1
8abb96298,1,3
9fb186834,3,2
9c1cbec2f,3,1
32aa78316,3,1
7ba58565e,3,3
73717bc4f,2,4
4f3e35156,3,1
8102d6dc7,2,2
e07812482,1,1
8c3d81083,1,2
40f17b3a1,3,1
89523a695,3,2
a6ac8884b,3,1
8bda483ec,3,2
bec49d8b7,2,2
015770429,1,0
618e97eeb,3,4
afaadb62f,2,0
5ff169a48,1,3
124e6af5e,2,0
092b32197,2,3
b70f7c3d6,2,1
45c278a7d,2,3
4cc49be2a,1,3
a5acfe9ed,1,4
ed7c0ebb1,3,4
58a7e1caf,2,0
1c9a2baf6,1,0
80723d694,4,2
7dfa4e393,3,0
8e3e0ffde,2,2
4c3a2c536,4,0
254c3305f,1,3
0f9f0dd0e,2,3
bafa8c847,3,2
37d88b689,3,3
d0aa84916,3,3
20e75472d,1,3
91c4cb54d,2,1
553b61d90,1,1
e9292cee2,2,2
f8e1ea097,1,4
ee2793324,3,2
c93e86f5d,4,0
f5257c5e4,3,2
533f52fff,1,1
6ce342cfe,1,1
ae17429ae,3,4
b0be76af8,1,4
46d88ca3e,1,4
bbf029a0a,3,4
b17f7a1fc,1,4
dbf8ba091,2,4
970910885,1,4
050277142,2,4
51337d3a4,3,4
2d0b49c8f,1,2
40b64aa21,1,2
0bd2d5882,3,0
456c7a365,2,0
f5e9075c9,2,2
1154c26ac,4,4
db4165316,3,1
69c9ba4b3,2,3
2614882d1,4,0
6975353f1,2,4
64c2d97a4,1,2
28c4588e5,4,2
bf5700a80,1,1
da840f8d4,1,3
abfad94f2,4,4
790e639ed,3,2
732b578ff,1,0
08f038689,1,1
0a76a6cf3,2,0
5698c00e2,3,0
70337537c,4,4
446748891,2,4
0cde886ff,1,1
dc56ff89a,1,2
c7969bc23,4,0
f68bec222,1,2
94e9e97c4,3,3
ba2904fd9,3,4
b7dda91fe,2,2
f33406495,1,2
652787a1f,3,3
3be154287,1,4
84fdd34c7,2,3
917ca93b3,2,3
a5965cea5,3,2
b898e8d6c,3,2
ca81b2566,4,4
a483f0d49,2,0
336504b7d,2,4
d687c7171,2,0
6f46311db,1,4
fce854722,4,0
a0fd5da22,3,3
78551abb5,1,0
1cac8717d,3,3
7f8955f6a,3,4
35e96ea98,2,3
fe879c04e,1,1
8b53dec4c,1,2
9bec6db97,3,0
5ddd7f219,3,4
bf190a061,3,2
e18d31575,4,4
8c7b2f093,3,2
8b17616d3,4,2
9beedceb9,4,1
5250b8bc3,1,0
b641cecaf,2,1
d08cf8cb2,2,0
ee2e82f01,3,4
528115548,2,4
4470adc62,3,1
a63364c39,1,1
f6ea19029,2,2
c6e763332,2,4
5fcb3804f,4,2
5edc72757,1,2
e8e8a47fd,3,1
351f3746c,1,1
b4d16b6f6,2,3
172433b2f,3,4
aae0d180c,4,3
d5cbed556,4,1
fc5f63812,2,3
99ed50a86,1,1
46518b224,3,0
8335d65e0,2,3
440676acb,2,2
62550cf78,1,4
a062234cb,4,3
7a54b760e,2,4
504ce7187,2,3
